ds,sales,sale_1,sale_2,sale_3,promo_1,promo_2,promo_3,promo_4,fd
2015/1/1,"78,158",1,1,1,0,0,0,0,0
2015/1/2,"84,475",1,1,1,0,0,0,0,0
2015/1/3,"74,434",1,1,1,0,0,0,0,0
2015/1/4,"80,602",1,1,1,0,0,0,0,0
2015/1/5,"97,679",1,1,1,0,0,0,0,0
2015/1/6,"102,097",1,1,1,0,0,0,0,0
2015/1/7,"76,973",1,1,1,0,0,0,0,0
2015/1/8,"73,523",1,1,1,0,0,0,0,0
2015/1/9,"64,720",1,1,1,0,0,0,0,0
2015/1/10,"110,076",1,1,1,0,0,0,0,0
2015/1/11,"80,186",1,1,1,0,0,0,0,0
2015/1/12,"78,287",1,1,1,0,0,0,0,0
2015/1/13,"86,393",1,1,1,0,0,0,0,0
2015/1/14,"132,296",1,1,1,0,0,0,0,0
2015/1/15,"198,571",1,1,1,0,0,0,0,0
2015/1/16,"198,098",1,1,1,0,0,0,0,0
2015/1/17,"135,880",1,1,1,0,0,0,0,0
2015/1/18,"140,237",1,1,1,0,0,0,0,0
2015/1/19,"73,555",1,1,1,0,0,0,0,0
2015/1/20,"456,608",1,1,1,0,0,1,0,1
2015/1/21,"334,493",1,1,1,0,0,1,0,0
2015/1/22,"362,692",1,1,1,0,0,1,0,0
2015/1/23,"173,888",1,1,1,0,0,1,0,0
2015/1/24,"58,131",1,1,1,0,0,0,0,0
2015/1/25,"97,609",1,1,1,0,0,0,0,0
2015/1/26,"96,130",1,1,1,0,0,0,0,0
2015/1/27,"192,241",1,1,1,0,0,0,0,0
2015/1/28,"127,885",1,1,1,0,0,0,0,0
2015/1/29,"155,195",1,1,1,0,0,0,0,0
2015/1/30,"172,673",1,1,1,0,0,0,0,0
2015/1/31,"197,566",0,0,0,0,0,0,0,0
2015/2/1,"318,040",0,0,0,0,0,0,0,0
2015/2/2,"107,341",0,0,0,0,0,0,0,0
2015/2/3,"329,042",0,0,0,0,0,0,0,0
2015/2/4,"197,949",0,0,0,0,0,0,0,0
2015/2/5,"175,518",0,0,0,0,0,0,0,0
2015/2/6,"233,749",0,0,0,0,0,0,0,0
2015/2/7,"236,162",0,0,0,0,0,0,0,0
2015/2/8,"154,543",0,0,0,0,0,0,0,0
2015/2/9,"88,050",0,0,0,0,0,0,0,0
2015/2/10,"140,179",0,0,0,0,0,0,0,0
2015/2/11,"170,162",0,0,0,0,0,0,0,0
2015/2/12,"182,962",0,0,0,0,0,0,0,0
2015/2/13,"113,191",0,0,0,0,0,0,0,0
2015/2/14,"115,495",0,0,0,0,0,0,0,0
2015/2/15,"111,738",0,0,0,0,0,0,0,0
2015/2/16,"103,482",0,0,0,0,0,0,0,0
2015/2/17,"112,137",0,0,0,0,0,0,0,0
2015/2/18,"143,711",0,0,0,0,0,0,0,0
2015/2/19,"190,561",0,0,0,0,0,0,0,0
2015/2/20,"168,106",0,0,0,0,0,0,0,0
2015/2/21,"101,234",0,0,0,0,0,0,0,0
2015/2/22,"79,505",0,0,0,0,0,0,0,0
2015/2/23,"129,563",0,0,0,0,0,0,0,0
2015/2/24,"57,314",0,0,0,0,0,0,0,0
2015/2/25,"85,853",0,0,0,0,0,0,0,0
2015/2/26,"174,325",0,0,0,0,0,0,0,0
2015/2/27,"99,440",0,0,0,0,0,0,0,0
2015/2/28,"124,793",0,0,0,0,0,0,0,0
2015/3/1,"160,220",0,0,0,0,0,0,0,0
2015/3/2,"168,613",0,0,0,0,0,0,0,0
2015/3/3,"320,876",0,0,0,0,0,0,0,0
2015/3/4,"415,869",0,0,0,0,0,0,0,0
2015/3/5,"397,925",0,0,0,0,0,0,0,0
2015/3/6,"182,497",0,0,0,0,0,0,0,0
2015/3/7,"133,826",0,0,0,0,0,0,0,0
2015/3/8,"220,884",0,0,0,0,0,0,0,0
2015/3/9,"141,926",0,0,0,0,0,0,0,0
2015/3/10,"202,555",0,0,0,0,0,0,0,0
2015/3/11,"92,583",0,0,0,0,0,0,0,0
2015/3/12,"114,094",0,0,0,0,0,0,0,0
2015/3/13,"174,276",0,0,0,0,0,0,0,0
2015/3/14,"104,920",0,0,0,0,0,0,0,0
2015/3/15,"179,622",0,0,0,0,0,0,0,0
2015/3/16,"152,591",0,0,0,0,0,0,0,0
2015/3/17,"126,934",0,0,0,0,0,0,0,0
2015/3/18,"194,688",0,0,0,0,0,0,0,0
2015/3/19,"158,799",0,0,0,0,0,0,0,0
2015/3/20,"153,690",0,0,0,0,0,0,0,0
2015/3/21,"91,654",0,0,0,0,0,0,0,0
2015/3/22,"129,109",0,0,0,0,0,0,0,0
2015/3/23,"125,038",0,0,0,0,0,0,0,0
2015/3/24,"412,341",0,0,0,0,0,0,0,0
2015/3/25,"494,222",0,0,0,0,0,0,0,0
2015/3/26,"226,014",0,0,0,0,0,0,0,0
2015/3/27,"81,194",0,0,0,0,0,0,0,0
2015/3/28,"130,572",0,0,0,0,0,0,0,0
2015/3/29,"186,492",0,0,0,0,0,0,0,0
2015/3/30,"139,083",0,0,0,0,0,0,0,0
2015/3/31,"96,069",0,0,0,0,0,0,0,0
2015/4/1,"121,650",0,0,0,0,0,0,0,0
2015/4/2,"108,669",0,0,0,0,0,0,0,0
2015/4/3,"90,777",0,0,0,0,0,0,0,0
2015/4/4,"141,059",0,0,0,0,0,0,0,0
2015/4/5,"149,597",0,0,0,0,0,0,0,0
2015/4/6,"166,102",0,0,0,0,0,0,0,0
2015/4/7,"139,627",0,0,0,0,0,0,0,0
2015/4/8,"124,150",0,0,0,0,0,0,0,0
2015/4/9,"118,609",0,0,0,0,0,0,0,0
2015/4/10,"153,952",0,0,0,0,0,0,0,0
2015/4/11,"93,730",0,0,0,0,0,0,0,0
2015/4/12,"149,977",0,0,0,0,0,0,0,0
2015/4/13,"130,867",0,0,0,0,0,0,0,0
2015/4/14,"167,124",0,0,0,0,0,0,0,0
2015/4/15,"183,622",0,0,0,0,0,0,0,0
2015/4/16,"133,777",0,0,0,0,0,0,0,0
2015/4/17,"96,712",0,0,0,0,0,0,0,0
2015/4/18,"106,796",0,0,0,0,0,0,0,0
2015/4/19,"189,356",0,0,0,0,0,0,0,0
2015/4/20,"122,544",0,0,0,0,0,0,0,0
2015/4/21,"187,424",0,0,0,0,0,0,0,0
2015/4/22,"106,625",0,0,0,0,0,0,0,0
2015/4/23,"107,936",0,0,0,0,0,0,0,0
2015/4/24,"147,235",0,0,0,0,0,0,0,0
2015/4/25,"102,223",0,0,0,0,0,0,0,0
2015/4/26,"85,094",0,0,0,0,0,0,0,0
2015/4/27,"90,393",0,0,0,0,0,0,0,0
2015/4/28,"232,672",0,0,0,0,0,0,0,0
2015/4/29,"332,907",0,0,0,0,0,0,0,0
2015/4/30,"304,070",0,0,0,0,0,0,0,0
2015/5/1,"272,498",0,0,0,0,0,0,0,0
2015/5/2,"81,818",0,0,0,0,0,0,0,0
2015/5/3,"54,485",0,0,0,0,0,0,0,0
2015/5/4,"67,040",0,0,0,0,0,0,0,0
2015/5/5,"52,600",0,0,0,0,0,0,0,0
2015/5/6,"91,125",0,0,0,0,0,0,0,0
2015/5/7,"166,196",0,0,0,0,0,0,0,0
2015/5/8,"124,033",0,0,0,0,0,0,0,0
2015/5/9,"83,270",0,0,0,0,0,0,0,0
2015/5/10,"108,959",0,0,0,0,0,0,0,0
2015/5/11,"80,280",0,0,0,0,0,0,0,0
2015/5/12,"217,489",0,0,0,0,0,0,0,0
2015/5/13,"209,338",0,0,0,0,0,0,0,0
2015/5/14,"186,314",0,0,0,0,0,0,0,0
2015/5/15,"158,452",0,0,0,0,0,0,0,0
2015/5/16,"80,835",0,0,0,0,0,0,0,0
2015/5/17,"53,944",0,0,0,0,0,0,0,0
2015/5/18,"105,096",0,0,0,0,0,0,0,0
2015/5/19,"54,901",0,0,0,0,0,0,0,0
2015/5/20,"72,278",0,0,0,0,0,0,0,0
2015/5/21,"74,019",0,0,0,0,0,0,0,0
2015/5/22,"1,023,645",1,1,1,0,0,0,0,1
2015/5/23,"363,649",1,1,1,0,0,0,0,0
2015/5/24,"410,771",1,1,1,0,0,0,0,0
2015/5/25,"582,153",1,1,1,0,0,0,0,0
2015/5/26,"539,636",1,1,1,0,0,0,0,0
2015/5/27,"369,868",1,1,1,0,0,0,0,0
2015/5/28,"369,882",1,1,1,0,0,0,0,0
2015/5/29,"270,758",1,1,1,0,0,0,0,0
2015/5/30,"184,678",1,1,1,0,0,0,0,0
2015/5/31,"162,647",1,1,1,0,0,0,0,0
2015/6/1,"196,599",1,1,1,0,0,0,0,0
2015/6/2,"224,416",1,1,1,0,0,0,0,0
2015/6/3,"344,073",1,1,1,0,0,0,0,0
2015/6/4,"300,568",1,1,1,0,0,0,0,0
2015/6/5,"214,732",1,1,1,0,0,0,0,0
2015/6/6,"299,573",1,1,1,0,0,0,0,0
2015/6/7,"147,105",1,1,1,0,0,0,0,0
2015/6/8,"148,222",1,1,1,0,0,0,0,0
2015/6/9,"370,016",1,1,1,0,0,0,0,0
2015/6/10,"330,110",1,1,1,0,0,0,0,0
2015/6/11,"294,824",1,1,1,0,0,0,0,0
2015/6/12,"160,596",1,1,1,0,0,0,0,0
2015/6/13,"148,874",1,1,1,0,0,0,0,0
2015/6/14,"107,057",1,1,1,0,0,0,0,0
2015/6/15,"185,955",1,1,1,0,0,0,0,0
2015/6/16,"98,590",1,1,1,0,0,0,0,0
2015/6/17,"170,978",1,1,1,0,0,0,0,0
2015/6/18,"158,001",1,1,1,0,0,0,0,0
2015/6/19,"129,913",1,1,1,0,0,0,0,0
2015/6/20,"758,026",1,1,1,0,0,0,0,0
2015/6/21,"480,589",1,1,1,0,0,0,0,0
2015/6/22,"500,357",1,1,1,0,0,0,0,0
2015/6/23,"416,324",1,1,1,0,0,0,0,0
2015/6/24,"424,325",1,1,1,0,0,0,0,0
2015/6/25,"483,687",1,1,1,0,0,0,0,0
2015/6/26,"137,797",1,1,1,0,0,0,0,0
2015/6/27,"113,092",1,1,1,0,0,0,0,0
2015/6/28,"91,073",1,1,1,0,0,0,0,0
2015/6/29,"143,067",1,1,1,0,0,0,0,0
2015/6/30,"146,844",1,1,1,0,0,0,0,0
2015/7/1,"176,181",1,1,1,0,0,0,0,0
2015/7/2,"203,390",1,1,1,0,0,0,0,0
2015/7/3,"109,715",1,1,1,0,0,0,0,0
2015/7/4,"152,210",1,1,1,0,0,0,0,0
2015/7/5,"164,977",1,1,1,0,0,0,0,0
2015/7/6,"125,149",1,1,1,0,0,0,0,0
2015/7/7,"161,952",1,1,1,0,0,0,0,0
2015/7/8,"167,579",1,1,1,0,0,0,0,0
2015/7/9,"239,434",1,1,1,0,0,0,0,0
2015/7/10,"550,594",1,1,1,1,0,0,0,1
2015/7/11,"298,758",1,1,1,1,0,0,0,0
2015/7/12,"298,578",1,1,1,1,0,0,0,0
2015/7/13,"368,603",1,1,1,1,0,0,0,0
2015/7/14,"303,140",1,1,1,1,0,0,0,0
2015/7/15,"386,321",1,1,1,1,0,0,0,0
2015/7/16,"103,264",1,1,1,0,0,0,0,0
2015/7/17,"126,653",1,1,1,0,0,0,0,0
2015/7/18,"93,781",1,1,1,0,0,0,0,0
2015/7/19,"117,423",1,1,1,0,0,0,0,0
2015/7/20,"137,754",1,1,1,0,0,0,0,0
2015/7/21,"120,905",1,1,1,0,0,0,0,0
2015/7/22,"95,898",1,1,1,0,0,0,0,0
2015/7/23,"67,235",1,1,1,0,0,0,0,0
2015/7/24,"159,072",1,1,1,0,0,0,0,0
2015/7/25,"148,714",1,1,1,0,0,0,0,0
2015/7/26,"95,634",1,1,1,0,0,0,0,0
2015/7/27,"107,278",1,1,1,0,0,0,0,0
2015/7/28,"256,011",1,1,1,0,0,0,0,0
2015/7/29,"174,636",1,1,1,0,0,0,0,0
2015/7/30,"187,736",1,1,1,0,0,0,0,0
2015/7/31,"288,796",1,1,1,0,0,0,0,0
2015/8/1,"59,381",0,0,0,0,0,0,0,0
2015/8/2,"137,437",0,0,0,0,0,0,0,0
2015/8/3,"121,213",0,0,0,0,0,0,0,0
2015/8/4,"106,256",0,0,0,0,0,0,0,0
2015/8/5,"124,866",0,0,0,0,0,0,0,0
2015/8/6,"274,044",0,0,0,0,0,0,0,0
2015/8/7,"241,150",0,0,0,0,0,0,0,0
2015/8/8,"300,348",0,0,0,0,0,0,0,0
2015/8/9,"191,203",0,0,0,0,0,0,0,0
2015/8/10,"94,486",0,0,0,0,0,0,0,0
2015/8/11,"1,023,230",0,0,0,0,0,0,0,0
2015/8/12,"774,381",0,0,0,0,0,0,0,0
2015/8/13,"553,787",0,0,0,0,0,0,0,0
2015/8/14,"175,393",0,0,0,0,0,0,0,0
2015/8/15,"175,807",0,0,0,0,0,0,0,0
2015/8/16,"149,751",0,0,0,0,0,0,0,0
2015/8/17,"213,033",0,0,0,0,0,0,0,0
2015/8/18,"162,851",0,0,0,0,0,0,0,0
2015/8/19,"132,108",0,0,0,0,0,0,0,0
2015/8/20,"257,121",0,0,0,0,0,0,0,0
2015/8/21,"268,694",0,0,0,0,0,0,0,0
2015/8/22,"202,930",0,0,0,0,0,0,0,0
2015/8/23,"141,622",0,0,0,0,0,0,0,0
2015/8/24,"182,658",0,0,0,0,0,0,0,0
2015/8/25,"243,063",0,0,0,0,0,0,0,0
2015/8/26,"214,312",0,0,0,0,0,0,0,0
2015/8/27,"258,403",0,0,0,0,0,0,0,0
2015/8/28,"218,339",0,0,0,0,0,0,0,0
2015/8/29,"228,695",0,0,0,0,0,0,0,0
2015/8/30,"231,706",0,0,0,0,0,0,0,0
2015/8/31,"233,914",0,0,0,0,0,0,0,0
2015/9/1,"272,656",0,0,0,0,0,0,0,0
2015/9/2,"270,765",0,0,0,0,0,0,0,0
2015/9/3,"226,564",0,0,0,0,0,0,0,0
2015/9/4,"199,616",0,0,0,0,0,0,0,0
2015/9/5,"275,968",0,0,0,0,0,0,0,0
2015/9/6,"287,234",0,0,0,0,0,0,0,0
2015/9/7,"223,457",0,0,0,0,0,0,0,0
2015/9/8,"438,093",0,0,0,0,0,0,0,0
2015/9/9,"369,598",0,0,0,0,0,0,0,0
2015/9/10,"407,267",0,0,0,0,0,0,0,0
2015/9/11,"450,938",0,0,0,0,0,0,0,0
2015/9/12,"243,524",0,0,0,0,0,0,0,0
2015/9/13,"260,710",0,0,0,0,0,0,0,0
2015/9/14,"293,529",0,0,0,0,0,0,0,0
2015/9/15,"404,304",0,0,0,0,0,0,0,0
2015/9/16,"296,527",0,0,0,0,0,0,0,0
2015/9/17,"276,125",0,0,0,0,0,0,0,0
2015/9/18,"253,891",0,0,0,0,0,0,0,0
2015/9/19,"248,644",0,0,0,0,0,0,0,0
2015/9/20,"260,280",0,0,0,0,0,0,0,0
2015/9/21,"167,098",0,0,0,0,0,0,0,0
2015/9/22,"411,535",0,0,0,0,0,0,0,0
2015/9/23,"492,446",0,0,0,0,0,0,0,0
2015/9/24,"479,833",0,0,0,0,0,0,0,0
2015/9/25,"555,307",0,0,0,0,0,0,0,0
2015/9/26,"196,997",0,0,0,0,0,0,0,0
2015/9/27,"289,305",0,0,0,0,0,0,0,0
2015/9/28,"231,537",0,0,0,0,0,0,0,0
2015/9/29,"190,126",0,0,0,0,0,0,0,0
2015/9/30,"294,810",0,0,0,0,0,0,0,0
2015/10/1,"341,219",0,0,0,0,0,0,0,0
2015/10/2,"331,146",0,0,0,0,0,0,0,0
2015/10/3,"400,727",0,0,0,0,0,0,0,0
2015/10/4,"388,895",0,0,0,0,0,0,0,0
2015/10/5,"337,131",0,0,0,0,0,0,0,0
2015/10/6,"324,776",0,0,0,0,0,0,0,0
2015/10/7,"245,504",0,0,0,0,0,0,0,0
2015/10/8,"283,418",0,0,0,0,0,0,0,0
2015/10/9,"213,348",0,0,0,0,0,0,0,0
2015/10/10,"145,701",0,0,0,0,0,0,0,0
2015/10/11,"227,042",0,0,0,0,0,0,0,0
2015/10/12,"139,121",0,0,0,0,0,0,0,0
2015/10/13,"247,320",0,0,0,0,0,0,0,0
2015/10/14,"299,216",0,0,0,0,0,0,0,0
2015/10/15,"365,074",0,0,0,0,0,0,0,0
2015/10/16,"446,504",0,0,0,0,0,0,0,0
2015/10/17,"173,832",0,0,0,0,0,0,0,0
2015/10/18,"90,315",0,0,0,0,0,0,0,0
2015/10/19,"170,707",0,0,0,0,0,0,0,0
2015/10/20,"174,335",0,0,0,0,0,0,0,0
2015/10/21,"123,466",0,0,0,0,0,0,0,0
2015/10/22,"162,900",0,0,0,0,0,0,0,0
2015/10/23,"182,862",0,0,0,0,0,0,0,0
2015/10/24,"174,449",0,0,0,0,0,0,0,0
2015/10/25,"161,246",0,0,0,0,0,0,0,0
2015/10/26,"161,063",0,0,0,0,0,0,0,0
2015/10/27,"341,745",0,0,0,0,0,0,0,0
2015/10/28,"250,742",0,0,0,0,0,0,0,0
2015/10/29,"364,642",0,0,0,0,0,0,0,0
2015/10/30,"341,986",0,0,0,0,0,0,0,0
2015/10/31,"119,846",0,0,0,0,0,0,0,0
2015/11/1,"141,504",0,0,0,0,0,0,0,0
2015/11/2,"268,874",0,0,0,0,0,0,0,0
2015/11/3,"194,283",0,0,0,0,0,0,0,0
2015/11/4,"331,622",0,0,0,0,0,0,0,0
2015/11/5,"259,241",0,0,0,0,0,0,0,0
2015/11/6,"247,098",0,0,0,0,0,0,0,0
2015/11/7,"188,382",0,0,0,0,0,0,0,0
2015/11/8,"140,354",0,0,0,0,0,0,0,0
2015/11/9,"221,000",0,0,0,0,0,0,0,0
2015/11/10,"194,148",0,0,0,0,0,0,0,0
2015/11/11,"329,310",0,0,0,0,0,0,0,0
2015/11/12,"257,456",0,0,0,0,0,0,0,0
2015/11/13,"402,965",0,0,0,0,0,0,0,0
2015/11/14,"164,598",0,0,0,0,0,0,0,0
2015/11/15,"117,081",0,0,0,0,0,0,0,0
2015/11/16,"260,985",0,0,0,0,0,0,0,0
2015/11/17,"285,601",0,0,0,0,0,0,0,0
2015/11/18,"203,687",0,0,0,0,0,0,0,0
2015/11/19,"209,118",0,0,0,0,0,0,0,0
2015/11/20,"168,062",0,0,0,0,0,0,0,0
2015/11/21,"162,275",0,0,0,0,0,0,0,0
2015/11/22,"300,400",0,0,0,0,0,0,0,0
2015/11/23,"1,756,816",1,0,0,0,0,0,0,1
2015/11/24,"1,312,587",1,0,0,0,0,0,0,0
2015/11/25,"993,289",1,0,0,0,0,0,0,0
2015/11/26,"1,317,359",1,0,0,0,0,0,0,0
2015/11/27,"2,352,956",1,1,1,0,0,0,0,1
2015/11/28,"1,393,156",1,1,1,0,0,0,0,0
2015/11/29,"1,353,577",1,1,1,0,0,0,0,0
2015/11/30,"1,439,828",1,1,1,0,0,0,0,0
2015/12/1,"773,028",1,1,1,0,0,0,0,0
2015/12/2,"588,257",1,1,1,0,0,0,0,0
2015/12/3,"427,327",1,1,1,0,0,0,0,0
2015/12/4,"425,752",1,1,1,0,0,0,0,0
2015/12/5,"385,487",1,1,1,0,0,0,0,0
2015/12/6,"270,408",1,1,1,0,0,0,0,0
2015/12/7,"395,442",1,1,1,0,0,0,0,0
2015/12/8,"333,792",1,1,1,0,0,0,0,0
2015/12/9,"441,955",1,1,1,0,0,0,0,0
2015/12/10,"502,802",1,1,1,0,0,0,0,0
2015/12/11,"419,293",1,1,1,0,0,0,0,0
2015/12/12,"336,853",1,1,1,0,0,0,0,0
2015/12/13,"448,200",1,1,1,0,0,0,0,0
2015/12/14,"1,830,306",1,1,1,0,0,0,0,0
2015/12/15,"1,654,052",1,1,1,0,0,0,0,0
2015/12/16,"471,595",1,1,1,0,0,0,0,0
2015/12/17,"318,035",1,1,1,0,0,0,0,0
2015/12/18,"464,898",1,1,1,0,0,0,0,0
2015/12/19,"257,326",1,1,1,0,0,0,0,0
2015/12/20,"233,140",1,1,1,0,0,0,0,0
2015/12/21,"298,026",1,1,1,0,0,0,0,0
2015/12/22,"271,997",1,1,1,0,0,0,0,0
2015/12/23,"223,126",1,1,1,0,0,0,0,0
2015/12/24,"250,012",1,1,1,0,0,0,0,0
2015/12/25,"230,867",1,1,1,0,0,0,0,0
2015/12/26,"892,490",1,1,1,0,0,0,0,0
2015/12/27,"933,071",1,1,1,0,0,0,0,0
2015/12/28,"554,219",1,1,1,0,0,0,0,0
2015/12/29,"136,301",1,1,1,0,0,0,0,0
2015/12/30,"188,352",1,1,1,0,0,0,0,0
2015/12/31,"151,633",1,1,1,0,0,0,0,0
2016/1/1,"172,305",1,1,1,0,0,0,0,0
2016/1/2,"119,793",1,1,1,0,0,0,0,0
2016/1/3,"200,472",1,1,1,0,0,0,0,0
2016/1/4,"256,896",1,1,1,0,0,0,0,0
2016/1/5,"269,563",1,1,1,0,0,0,0,0
2016/1/6,"445,653",1,1,1,0,0,0,0,0
2016/1/7,"542,266",1,1,1,0,0,0,0,0
2016/1/8,"408,345",1,1,1,0,0,0,0,0
2016/1/9,"415,449",1,1,1,0,0,0,0,0
2016/1/10,"352,882",1,1,1,0,0,0,0,0
2016/1/11,"377,393",1,1,1,0,0,0,0,0
2016/1/12,"527,293",1,1,1,0,0,0,0,0
2016/1/13,"324,208",1,1,1,0,0,0,0,0
2016/1/14,"404,194",1,1,1,0,0,0,0,0
2016/1/15,"601,572",1,1,1,0,0,0,0,0
2016/1/16,"626,241",1,1,1,0,0,0,0,0
2016/1/17,"601,492",1,1,1,0,0,0,0,0
2016/1/18,"384,029",1,1,1,0,0,0,0,0
2016/1/19,"2,025,143",1,1,1,0,0,1,0,1
2016/1/20,"1,516,833",1,1,1,0,0,1,0,0
2016/1/21,"1,051,757",1,1,1,0,0,1,0,0
2016/1/22,"1,094,688",1,1,1,0,0,1,0,0
2016/1/23,"488,529",1,1,1,0,0,0,0,0
2016/1/24,"322,871",1,1,1,0,0,0,0,0
2016/1/25,"313,128",1,1,1,0,0,0,0,0
2016/1/26,"442,664",1,1,1,0,0,0,0,0
2016/1/27,"439,131",1,1,1,0,0,0,0,0
2016/1/28,"429,549",1,1,1,0,0,0,0,0
2016/1/29,"644,437",1,1,1,0,0,0,0,0
2016/1/30,"493,269",1,1,1,0,0,0,0,0
2016/1/31,"420,945",1,1,1,0,0,0,0,0
2016/2/1,"374,990",0,0,0,0,0,0,0,0
2016/2/2,"318,800",0,0,0,0,0,0,0,0
2016/2/3,"1,614,210",0,0,0,0,0,0,0,0
2016/2/4,"734,271",0,0,0,0,0,0,0,0
2016/2/5,"624,148",0,0,0,0,0,0,0,0
2016/2/6,"645,204",0,0,0,0,0,0,0,0
2016/2/7,"632,246",0,0,0,0,0,0,0,0
2016/2/8,"616,342",0,0,0,0,0,0,0,0
2016/2/9,"619,281",0,0,0,0,0,0,0,0
2016/2/10,"624,789",0,0,0,0,0,0,0,0
2016/2/11,"818,261",0,0,0,0,0,0,0,0
2016/2/12,"507,081",0,0,0,0,0,0,0,0
2016/2/13,"283,211",0,0,0,0,0,0,0,0
2016/2/14,"217,027",0,0,0,0,0,0,0,0
2016/2/15,"447,653",0,0,0,0,0,0,0,0
2016/2/16,"347,022",0,0,0,0,0,0,0,0
2016/2/17,"398,546",0,0,0,0,0,0,0,0
2016/2/18,"446,952",0,0,0,0,0,0,0,0
2016/2/19,"538,980",0,0,0,0,0,0,0,0
2016/2/20,"293,874",0,0,0,0,0,0,0,0
2016/2/21,"294,028",0,0,0,0,0,0,0,0
2016/2/22,"524,182",0,0,0,0,0,0,0,0
2016/2/23,"357,367",0,0,0,0,0,0,0,0
2016/2/24,"317,681",0,0,0,0,0,0,0,0
2016/2/25,"421,788",0,0,0,0,0,0,0,0
2016/2/26,"372,609",0,0,0,0,0,0,0,0
2016/2/27,"289,302",0,0,0,0,0,0,0,0
2016/2/28,"449,626",0,0,0,0,0,0,0,0
2016/2/29,"394,455",0,0,0,0,0,0,0,0
2016/3/1,"731,236",0,0,0,0,0,0,0,0
2016/3/2,"598,712",0,0,0,0,0,0,0,0
2016/3/3,"630,156",0,0,0,0,0,0,0,0
2016/3/4,"688,715",0,0,0,0,0,0,0,0
2016/3/5,"473,397",0,0,0,0,0,0,0,0
2016/3/6,"362,156",0,0,0,0,0,0,0,0
2016/3/7,"647,821",0,0,0,0,0,0,0,0
2016/3/8,"561,533",0,0,0,0,0,0,0,0
2016/3/9,"328,498",0,0,0,0,0,0,0,0
2016/3/10,"527,561",0,0,0,0,0,0,0,0
2016/3/11,"398,891",0,0,0,0,0,0,0,0
2016/3/12,"389,233",0,0,0,0,0,0,0,0
2016/3/13,"456,865",0,0,0,0,0,0,0,0
2016/3/14,"483,024",0,0,0,0,0,0,0,0
2016/3/15,"670,847",0,0,0,0,0,0,0,0
2016/3/16,"512,566",0,0,0,0,0,0,0,0
2016/3/17,"688,277",0,0,0,0,0,0,0,0
2016/3/18,"554,457",0,0,0,0,0,0,0,0
2016/3/19,"427,002",0,0,0,0,0,0,0,0
2016/3/20,"385,292",0,0,0,0,0,0,0,0
2016/3/21,"440,340",0,0,0,0,0,0,0,0
2016/3/22,"580,313",0,0,0,0,0,0,0,0
2016/3/23,"614,334",0,0,0,0,0,0,0,0
2016/3/24,"772,237",0,0,0,0,0,0,0,0
2016/3/25,"582,161",0,0,0,0,0,0,0,0
2016/3/26,"292,713",0,0,0,0,0,0,0,0
2016/3/27,"457,048",0,0,0,0,0,0,0,0
2016/3/28,"446,574",0,0,0,0,0,0,0,0
2016/3/29,"729,012",0,0,0,0,0,0,0,0
2016/3/30,"732,544",0,0,0,0,0,0,0,0
2016/3/31,"782,811",0,0,0,0,0,0,0,0
2016/4/1,"613,197",0,0,0,0,0,0,0,0
2016/4/2,"357,690",0,0,0,0,0,0,0,0
2016/4/3,"613,588",0,0,0,0,0,0,0,0
2016/4/4,"528,673",0,0,0,0,0,0,0,0
2016/4/5,"433,188",0,0,0,0,0,0,0,0
2016/4/6,"481,851",0,0,0,0,0,0,0,0
2016/4/7,"499,090",0,0,0,0,0,0,0,0
2016/4/8,"525,662",0,0,0,0,0,0,0,0
2016/4/9,"348,775",0,0,0,0,0,0,0,0
2016/4/10,"403,011",0,0,0,0,0,0,0,0
2016/4/11,"502,780",0,0,0,0,0,0,0,0
2016/4/12,"336,183",0,0,0,0,0,0,0,0
2016/4/13,"409,919",0,0,0,0,0,0,0,0
2016/4/14,"394,713",0,0,0,0,0,0,0,0
2016/4/15,"466,833",0,0,0,0,0,0,0,0
2016/4/16,"348,389",0,0,0,0,0,0,0,0
2016/4/17,"511,661",0,0,0,0,0,0,0,0
2016/4/18,"660,989",0,0,0,0,0,0,0,0
2016/4/19,"836,696",0,0,0,0,0,0,0,0
2016/4/20,"606,604",0,0,0,0,0,0,0,0
2016/4/21,"724,804",0,0,0,0,0,0,0,0
2016/4/22,"742,232",0,0,0,0,0,0,0,0
2016/4/23,"366,594",0,0,0,0,0,0,0,0
2016/4/24,"511,756",0,0,0,0,0,0,0,0
2016/4/25,"538,365",0,0,0,0,0,0,0,0
2016/4/26,"589,018",0,0,0,0,0,0,0,0
2016/4/27,"452,575",0,0,0,0,0,0,0,0
2016/4/28,"360,509",0,0,0,0,0,0,0,0
2016/4/29,"493,034",0,0,0,0,0,0,0,0
2016/4/30,"401,773",0,0,0,0,0,0,0,0
2016/5/1,"444,425",0,0,0,0,0,0,0,0
2016/5/2,"551,153",0,0,0,0,0,0,0,0
2016/5/3,"487,731",0,0,0,0,0,0,0,0
2016/5/4,"427,536",0,0,0,0,0,0,0,0
2016/5/5,"380,276",0,0,0,0,0,0,0,0
2016/5/6,"615,309",0,0,0,0,0,0,0,0
2016/5/7,"454,895",0,0,0,0,0,0,0,0
2016/5/8,"495,753",0,0,0,0,0,0,0,0
2016/5/9,"514,332",0,0,0,0,0,0,0,0
2016/5/10,"856,236",0,0,0,0,0,0,0,0
2016/5/11,"564,617",0,0,0,0,0,0,0,0
2016/5/12,"790,147",0,0,0,0,0,0,0,0
2016/5/13,"2,136,940",1,0,0,0,0,0,0,1
2016/5/14,"1,136,145",1,0,0,0,0,0,0,0
2016/5/15,"886,586",1,0,0,0,0,0,0,0
2016/5/16,"839,693",1,0,0,0,0,0,0,0
2016/5/17,"1,030,938",1,0,0,0,0,0,0,0
2016/5/18,"730,484",1,0,0,0,0,0,0,0
2016/5/19,"785,693",1,0,0,0,0,0,0,0
2016/5/20,"1,823,917",1,1,0,0,0,0,0,1
2016/5/21,"1,391,004",1,1,0,0,0,0,0,0
2016/5/22,"929,195",1,1,0,0,0,0,0,0
2016/5/23,"1,546,874",1,1,1,0,0,0,0,1
2016/5/24,"1,350,933",1,1,1,0,0,0,0,0
2016/5/25,"969,472",1,1,1,0,0,0,0,0
2016/5/26,"1,144,034",1,1,1,0,0,0,0,0
2016/5/27,"686,969",1,1,1,0,0,0,0,0
2016/5/28,"707,948",1,1,1,0,0,0,0,0
2016/5/29,"716,061",1,1,1,0,0,0,0,0
2016/5/30,"748,143",1,1,1,0,0,0,0,0
2016/5/31,"976,798",1,1,1,0,0,0,0,0
2016/6/1,"1,141,472",1,1,1,0,0,0,0,0
2016/6/2,"1,170,847",1,1,1,0,0,0,0,0
2016/6/3,"1,068,864",1,1,1,0,0,0,0,0
2016/6/4,"641,714",1,1,1,0,0,0,0,0
2016/6/5,"702,152",1,1,1,0,0,0,0,0
2016/6/6,"751,482",1,1,1,0,0,0,0,0
2016/6/7,"765,442",1,1,1,0,0,0,0,0
2016/6/8,"915,120",1,1,1,0,0,0,0,0
2016/6/9,"591,836",1,1,1,0,0,0,0,0
2016/6/10,"720,959",1,1,1,0,0,0,0,0
2016/6/11,"556,792",1,1,1,0,0,0,0,0
2016/6/12,"719,505",1,1,1,0,0,0,0,0
2016/6/13,"809,326",1,1,1,0,0,0,0,0
2016/6/14,"686,666",1,1,1,0,0,0,0,0
2016/6/15,"911,516",1,1,1,0,0,0,0,0
2016/6/16,"1,135,256",1,1,1,0,0,0,0,0
2016/6/17,"1,410,126",1,1,1,0,0,0,0,0
2016/6/18,"1,072,460",1,1,1,0,0,0,0,0
2016/6/19,"879,311",1,1,1,0,0,0,0,0
2016/6/20,"1,017,518",1,1,1,0,0,0,0,0
2016/6/21,"1,135,815",1,1,1,0,0,0,0,0
2016/6/22,"1,028,985",1,1,1,0,0,0,0,0
2016/6/23,"1,077,825",1,1,1,0,0,0,0,0
2016/6/24,"1,128,508",1,1,1,0,0,0,0,0
2016/6/25,"986,801",1,1,1,0,0,0,0,0
2016/6/26,"858,380",1,1,1,0,0,0,0,0
2016/6/27,"888,084",1,1,1,0,0,0,0,0
2016/6/28,"971,827",1,1,1,0,0,0,0,0
2016/6/29,"995,190",1,1,1,0,0,0,0,0
2016/6/30,"1,342,600",1,1,1,0,0,0,0,0
2016/7/1,"2,330,325",1,1,1,0,0,0,0,0
2016/7/2,"1,554,277",1,1,1,0,0,0,0,0
2016/7/3,"1,483,943",1,1,1,0,0,0,0,0
2016/7/4,"1,342,731",1,1,1,0,0,0,0,0
2016/7/5,"1,213,107",1,1,1,0,0,0,0,0
2016/7/6,"1,310,375",1,1,1,0,0,0,0,0
2016/7/7,"1,258,983",1,1,1,0,0,0,0,0
2016/7/8,"752,369",1,1,1,0,0,0,0,0
2016/7/9,"1,054,633",1,1,1,0,0,0,0,0
2016/7/10,"870,558",1,1,1,0,0,0,0,0
2016/7/11,"4,695,174",1,1,1,1,0,0,0,1
2016/7/12,"4,190,190",1,1,1,1,0,0,0,0
2016/7/13,"2,245,481",1,1,1,1,0,0,0,0
2016/7/14,"1,744,692",1,1,1,1,0,0,0,0
2016/7/15,"2,119,678",1,1,1,1,0,0,0,0
2016/7/16,"1,250,499",1,1,1,1,0,0,0,0
2016/7/17,"475,511",1,1,1,0,0,0,0,0
2016/7/18,"599,014",1,1,1,0,0,0,0,0
2016/7/19,"815,186",1,1,1,0,0,0,0,0
2016/7/20,"855,687",1,1,1,0,0,0,0,0
2016/7/21,"714,898",1,1,1,0,0,0,0,0
2016/7/22,"669,644",1,1,1,0,0,0,0,0
2016/7/23,"494,192",1,1,1,0,0,0,0,0
2016/7/24,"459,243",1,1,1,0,0,0,0,0
2016/7/25,"566,897",1,1,1,0,0,0,0,0
2016/7/26,"633,806",1,1,1,0,0,0,0,0
2016/7/27,"667,837",1,1,1,0,0,0,0,0
2016/7/28,"704,815",1,1,1,0,0,0,0,0
2016/7/29,"823,560",1,1,1,0,0,0,0,0
2016/7/30,"649,608",1,1,1,0,0,0,0,0
2016/7/31,"521,463",1,1,1,0,0,0,0,0
2016/8/1,"637,500",0,0,0,0,0,0,0,0
2016/8/2,"1,045,686",0,0,0,0,0,0,0,0
2016/8/3,"849,931",0,0,0,0,0,0,0,0
2016/8/4,"846,960",0,0,0,0,0,0,0,0
2016/8/5,"954,321",0,0,0,0,0,0,0,0
2016/8/6,"601,429",0,0,0,0,0,0,0,0
2016/8/7,"612,211",0,0,0,0,0,0,0,0
2016/8/8,"608,045",0,0,0,0,0,0,0,0
2016/8/9,"677,277",0,0,0,0,0,0,0,0
2016/8/10,"786,885",0,0,0,0,0,0,0,0
2016/8/11,"812,253",0,0,0,0,0,0,0,0
2016/8/12,"901,307",0,0,0,0,0,0,0,0
2016/8/13,"561,656",0,0,0,0,0,0,0,0
2016/8/14,"721,065",0,0,0,0,0,0,0,0
2016/8/15,"937,538",0,0,0,0,0,0,0,0
2016/8/16,"1,033,828",0,0,0,0,0,0,0,0
2016/8/17,"829,704",0,0,0,0,0,0,0,0
2016/8/18,"757,446",0,0,0,0,0,0,0,0
2016/8/19,"722,832",0,0,0,0,0,0,0,0
2016/8/20,"702,431",0,0,0,0,0,0,0,0
2016/8/21,"785,847",0,0,0,0,0,0,0,0
2016/8/22,"871,417",0,0,0,0,0,0,0,0
2016/8/23,"959,953",0,0,0,0,0,0,0,0
2016/8/24,"933,573",0,0,0,0,0,0,0,0
2016/8/25,"1,222,585",0,0,0,0,0,0,0,0
2016/8/26,"1,265,902",0,0,0,0,0,0,0,0
2016/8/27,"818,971",0,0,0,0,0,0,0,0
2016/8/28,"786,401",0,0,0,0,0,0,0,0
2016/8/29,"844,809",0,0,0,0,0,0,0,0
2016/8/30,"942,277",0,0,0,0,0,0,0,0
2016/8/31,"637,587",0,0,0,0,0,0,0,0
2016/9/1,"958,080",0,0,0,0,0,0,0,0
2016/9/2,"707,890",0,0,0,0,0,0,0,0
2016/9/3,"649,171",0,0,0,0,0,0,0,0
2016/9/4,"794,523",0,0,0,0,0,0,0,0
2016/9/5,"950,340",0,0,0,0,0,0,0,0
2016/9/6,"628,248",0,0,0,0,0,0,0,0
2016/9/7,"697,436",0,0,0,0,0,0,0,0
2016/9/8,"769,104",0,0,0,0,0,0,0,0
2016/9/9,"856,242",0,0,0,0,0,0,0,0
2016/9/10,"541,178",0,0,0,0,0,0,0,0
2016/9/11,"776,329",0,0,0,0,0,0,0,0
2016/9/12,"1,053,015",0,0,0,0,0,0,0,0
2016/9/13,"573,568",0,0,0,0,0,0,0,0
2016/9/14,"1,021,634",0,0,0,0,0,0,0,0
2016/9/15,"788,452",0,0,0,0,0,0,0,0
2016/9/16,"679,861",0,0,0,0,0,0,0,0
2016/9/17,"544,998",0,0,0,0,0,0,0,0
2016/9/18,"650,253",0,0,0,0,0,0,0,0
2016/9/19,"717,455",0,0,0,0,0,0,0,0
2016/9/20,"915,326",0,0,0,0,0,0,0,0
2016/9/21,"1,254,251",0,0,0,0,0,0,0,0
2016/9/22,"1,151,852",0,0,0,0,0,0,0,0
2016/9/23,"1,205,225",0,0,0,0,0,0,0,0
2016/9/24,"588,228",0,0,0,0,0,0,0,0
2016/9/25,"646,550",0,0,0,0,0,0,0,0
2016/9/26,"766,576",0,0,0,0,0,0,0,0
2016/9/27,"612,261",0,0,0,0,0,0,0,0
2016/9/28,"687,828",0,0,0,0,0,0,0,0
2016/9/29,"685,274",0,0,0,0,0,0,0,0
2016/9/30,"912,494",0,0,0,0,0,0,0,0
2016/10/1,"980,721",0,0,0,0,0,0,0,0
2016/10/2,"748,087",0,0,0,0,0,0,0,0
2016/10/3,"781,090",0,0,0,0,0,0,0,0
2016/10/4,"594,043",0,0,0,0,0,0,0,0
2016/10/5,"998,894",0,0,0,0,0,0,0,0
2016/10/6,"1,196,990",0,0,0,0,0,0,0,0
2016/10/7,"914,734",0,0,0,0,0,0,0,0
2016/10/8,"720,901",0,0,0,0,0,0,0,0
2016/10/9,"628,871",0,0,0,0,0,0,0,0
2016/10/10,"847,326",0,0,0,0,0,0,0,0
2016/10/11,"758,938",0,0,0,0,0,0,0,0
2016/10/12,"881,109",0,0,0,0,0,0,0,0
2016/10/13,"832,605",0,0,0,0,0,0,0,0
2016/10/14,"780,380",0,0,0,0,0,0,0,0
2016/10/15,"892,368",0,0,0,0,0,0,0,0
2016/10/16,"1,101,047",0,0,0,0,0,0,0,0
2016/10/17,"1,460,257",0,0,0,0,0,0,0,0
2016/10/18,"1,085,714",0,0,0,0,0,0,0,0
2016/10/19,"741,921",0,0,0,0,0,0,0,0
2016/10/20,"1,282,862",0,0,0,0,0,0,0,0
2016/10/21,"1,022,692",0,0,0,0,0,0,0,0
2016/10/22,"787,240",0,0,0,0,0,0,0,0
2016/10/23,"648,633",0,0,0,0,0,0,0,0
2016/10/24,"852,836",0,0,0,0,0,0,0,0
2016/10/25,"921,052",0,0,0,0,0,0,0,0
2016/10/26,"719,494",0,0,0,0,0,0,0,0
2016/10/27,"969,788",0,0,0,0,0,0,0,0
2016/10/28,"982,434",0,0,0,0,0,0,0,0
2016/10/29,"724,961",0,0,0,0,0,0,0,0
2016/10/30,"808,087",0,0,0,0,0,0,0,0
2016/10/31,"809,122",0,0,0,0,0,0,0,0
2016/11/1,"702,342",0,0,0,0,0,0,0,0
2016/11/2,"908,827",0,0,0,0,0,0,0,0
2016/11/3,"1,433,778",0,0,0,0,0,0,0,0
2016/11/4,"924,873",0,0,0,0,0,0,0,0
2016/11/5,"821,619",0,0,0,0,0,0,0,0
2016/11/6,"898,050",0,0,0,0,0,0,0,0
2016/11/7,"760,604",0,0,0,0,0,0,0,0
2016/11/8,"989,934",0,0,0,0,0,0,0,0
2016/11/9,"790,789",0,0,0,0,0,0,0,0
2016/11/10,"894,454",0,0,0,0,0,0,0,0
2016/11/11,"667,504",0,0,0,0,0,0,0,0
2016/11/12,"690,320",0,0,0,0,0,0,0,0
2016/11/13,"664,866",0,0,0,0,0,0,0,0
2016/11/14,"2,654,942",1,0,0,0,0,0,0,1
2016/11/15,"1,578,089",1,0,0,0,0,0,0,0
2016/11/16,"1,233,474",1,0,0,0,0,0,0,0
2016/11/17,"1,195,790",1,0,0,0,0,0,0,0
2016/11/18,"2,116,825",1,0,0,0,0,0,0,0
2016/11/19,"2,088,971",1,0,0,0,0,0,0,0
2016/11/20,"985,651",1,0,0,0,0,0,0,0
2016/11/21,"3,573,414",1,1,0,0,0,0,0,1
2016/11/22,"2,280,250",1,1,0,0,0,0,0,0
2016/11/23,"1,690,288",1,1,0,0,0,0,0,0
2016/11/24,"3,140,153",1,1,1,0,0,0,0,0
2016/11/25,"3,596,115",1,1,1,0,0,0,0,1
2016/11/26,"2,280,301",1,1,1,0,0,0,0,0
2016/11/27,"1,660,423",1,1,1,0,0,0,0,0
2016/11/28,"1,716,979",1,1,1,0,0,0,0,0
2016/11/29,"1,190,019",1,1,1,0,0,0,0,0
2016/11/30,"1,234,911",1,1,1,0,0,0,0,0
2016/12/1,"1,568,523",1,1,1,0,0,0,0,0
2016/12/2,"1,039,080",1,1,1,0,0,0,0,0
2016/12/3,"1,130,872",1,1,1,0,0,0,0,0
2016/12/4,"962,497",1,1,1,0,0,0,0,0
2016/12/5,"967,303",1,1,1,0,0,0,0,0
2016/12/6,"1,010,724",1,1,1,0,0,0,0,0
2016/12/7,"1,044,534",1,1,1,0,0,0,0,0
2016/12/8,"954,711",1,1,1,0,0,0,0,0
2016/12/9,"1,020,971",1,1,1,0,0,0,0,0
2016/12/10,"981,727",1,1,1,0,0,0,0,0
2016/12/11,"967,234",1,1,1,0,0,0,0,0
2016/12/12,"1,085,618",1,1,1,0,0,0,0,0
2016/12/13,"925,243",1,1,1,0,0,0,0,0
2016/12/14,"839,941",1,1,1,0,0,0,0,0
2016/12/15,"1,473,645",1,1,1,0,0,0,0,0
2016/12/16,"960,262",1,1,1,0,0,0,0,0
2016/12/17,"1,214,565",1,1,1,0,0,0,0,0
2016/12/18,"1,052,389",1,1,1,0,0,0,0,0
2016/12/19,"986,085",1,1,1,0,0,0,0,0
2016/12/20,"1,026,381",1,1,1,0,0,0,0,0
2016/12/21,"1,008,702",1,1,1,0,0,0,0,0
2016/12/22,"738,968",1,1,1,0,0,0,0,0
2016/12/23,"1,098,832",1,1,1,0,0,0,0,0
2016/12/24,"745,990",1,1,1,0,0,0,0,0
2016/12/25,"672,131",1,1,1,0,0,0,0,0
2016/12/26,"742,565",1,1,1,0,0,0,0,0
2016/12/27,"599,339",1,1,1,0,0,0,0,0
2016/12/28,"762,301",1,1,1,0,0,0,0,0
2016/12/29,"639,299",1,1,1,0,0,0,0,0
2016/12/30,"658,398",1,1,1,0,0,0,0,0
2016/12/31,"609,070",1,1,1,0,0,0,0,0
2017/1/1,"700,535",1,1,1,0,0,0,0,0
2017/1/2,"1,067,959",1,1,1,0,0,0,0,0
2017/1/3,"1,211,482",1,1,1,0,0,0,0,0
2017/1/4,"1,130,193",1,1,1,0,0,0,0,0
2017/1/5,"1,447,185",1,1,1,0,0,0,0,0
2017/1/6,"1,072,623",1,1,1,0,0,0,0,0
2017/1/7,"975,101",1,1,1,0,0,0,0,0
2017/1/8,"961,010",1,1,1,0,0,0,0,0
2017/1/9,"4,523,054",1,1,1,0,0,1,0,1
2017/1/10,"3,902,591",1,1,1,0,0,1,0,0
2017/1/11,"2,318,210",1,1,1,0,0,1,0,0
2017/1/12,"2,349,444",1,1,1,0,0,1,0,0
2017/1/13,"2,464,923",1,1,1,0,0,1,0,0
2017/1/14,"2,008,565",1,1,1,0,0,1,0,0
2017/1/15,"630,046",1,1,1,0,0,0,0,0
2017/1/16,"631,942",1,1,1,0,0,0,0,0
2017/1/17,"681,995",1,1,1,0,0,0,0,0
2017/1/18,"793,191",1,1,1,0,0,0,0,0
2017/1/19,"798,294",1,1,1,0,0,0,0,0
2017/1/20,"692,299",1,1,1,0,0,0,0,0
2017/1/21,"916,385",1,1,1,0,0,0,0,0
2017/1/22,"932,466",1,1,1,0,0,0,0,0
2017/1/23,"920,929",1,1,1,0,0,0,0,0
2017/1/24,"875,270",1,1,1,0,0,0,0,0
2017/1/25,"964,842",1,1,1,0,0,0,0,0
2017/1/26,"902,420",1,1,1,0,0,0,0,0
2017/1/27,"1,082,101",1,1,1,0,0,0,0,0
2017/1/28,"770,732",1,1,1,0,0,0,0,0
2017/1/29,"917,079",1,1,1,0,0,0,0,0
2017/1/30,"593,196",1,1,1,0,0,0,0,0
2017/1/31,"746,278",1,1,1,0,0,0,0,0
2017/2/1,"1,039,295",0,0,0,0,0,0,0,0
2017/2/2,"965,098",0,0,0,0,0,0,0,0
2017/2/3,"1,047,825",0,0,0,0,0,0,0,0
2017/2/4,"1,016,302",0,0,0,0,0,0,0,0
2017/2/5,"763,069",0,0,0,0,0,0,0,0
2017/2/6,"900,234",0,0,0,0,0,0,0,0
2017/2/7,"985,925",0,0,0,0,0,0,0,0
2017/2/8,"1,122,621",0,0,0,0,0,0,0,0
2017/2/9,"1,226,449",0,0,0,0,0,0,0,0
2017/2/10,"1,419,010",0,0,0,0,0,0,0,0
2017/2/11,"1,084,233",0,0,0,0,0,0,0,0
2017/2/12,"846,839",0,0,0,0,0,0,0,0
2017/2/13,"663,221",0,0,0,0,0,0,0,0
2017/2/14,"878,885",0,0,0,0,0,0,0,0
2017/2/15,"985,376",0,0,0,0,0,0,0,0
2017/2/16,"1,538,803",0,0,0,0,0,0,0,0
2017/2/17,"1,198,815",0,0,0,0,0,0,0,0
2017/2/18,"608,532",0,0,0,0,0,0,0,0
2017/2/19,"1,010,633",0,0,0,0,0,0,0,0
2017/2/20,"815,373",0,0,0,0,0,0,0,0
2017/2/21,"772,432",0,0,0,0,0,0,0,0
2017/2/22,"1,275,832",0,0,0,0,0,0,0,0
2017/2/23,"817,108",0,0,0,0,0,0,0,0
2017/2/24,"790,087",0,0,0,0,0,0,0,0
2017/2/25,"582,056",0,0,0,0,0,0,0,0
2017/2/26,"866,919",0,0,0,0,0,0,0,0
2017/2/27,"950,323",0,0,0,0,0,0,0,0
2017/2/28,"679,566",0,0,0,0,0,0,0,0
2017/3/1,"1,143,758",0,0,0,0,0,0,0,0
2017/3/2,"890,331",0,0,0,0,0,0,0,0
2017/3/3,"931,570",0,0,0,0,0,0,0,0
2017/3/4,"717,372",0,0,0,0,0,0,0,0
2017/3/5,"838,391",0,0,0,0,0,0,0,0
2017/3/6,"917,253",0,0,0,0,0,0,0,0
2017/3/7,"1,223,096",0,0,0,0,0,0,0,0
2017/3/8,"1,228,220",0,0,0,0,0,0,0,0
2017/3/9,"1,193,662",0,0,0,0,0,0,0,0
2017/3/10,"1,678,041",0,0,0,0,0,0,0,0
2017/3/11,"677,779",0,0,0,0,0,0,0,0
2017/3/12,"850,356",0,0,0,0,0,0,0,0
2017/3/13,"772,967",0,0,0,0,0,0,0,0
2017/3/14,"657,690",0,0,0,0,0,0,0,0
2017/3/15,"1,003,375",0,0,0,0,0,0,0,0
2017/3/16,"947,785",0,0,0,0,0,0,0,0
2017/3/17,"613,446",0,0,0,0,0,0,0,0
2017/3/18,"821,613",0,0,0,0,0,0,0,0
2017/3/19,"683,994",0,0,0,0,0,0,0,0
2017/3/20,"724,110",0,0,0,0,0,0,0,0
2017/3/21,"887,945",0,0,0,0,0,0,0,0
2017/3/22,"694,297",0,0,0,0,0,0,0,0
2017/3/23,"674,027",0,0,0,0,0,0,0,0
2017/3/24,"852,960",0,0,0,0,0,0,0,0
2017/3/25,"744,909",0,0,0,0,0,0,0,0
2017/3/26,"1,023,801",0,0,0,0,0,0,0,0
2017/3/27,"1,116,989",0,0,0,0,0,0,0,0
2017/3/28,"1,262,194",0,0,0,0,0,0,0,0
2017/3/29,"1,312,776",0,0,0,0,0,0,0,0
2017/3/30,"1,215,683",0,0,0,0,0,0,0,0
2017/3/31,"1,183,803",0,0,0,0,0,0,0,0
2017/4/1,"978,973",0,0,0,0,0,0,0,0
2017/4/2,"953,674",0,0,0,0,0,0,0,0
2017/4/3,"1,037,505",0,0,0,0,0,0,0,0
2017/4/4,"786,447",0,0,0,0,0,0,0,0
2017/4/5,"770,849",0,0,0,0,0,0,0,0
2017/4/6,"937,911",0,0,0,0,0,0,0,0
2017/4/7,"1,216,368",0,0,0,0,0,0,0,0
2017/4/8,"913,987",0,0,0,0,0,0,0,0
2017/4/9,"743,041",0,0,0,0,0,0,0,0
2017/4/10,"854,291",0,0,0,0,0,0,0,0
2017/4/11,"762,691",0,0,0,0,0,0,0,0
2017/4/12,"719,092",0,0,0,0,0,0,0,0
2017/4/13,"796,221",0,0,0,0,0,0,0,0
2017/4/14,"912,964",0,0,0,0,0,0,0,0
2017/4/15,"1,226,816",0,0,0,0,0,0,0,0
2017/4/16,"1,111,673",0,0,0,0,0,0,0,0
2017/4/17,"996,377",0,0,0,0,0,0,0,0
2017/4/18,"1,432,768",0,0,0,0,0,0,0,0
2017/4/19,"1,239,200",0,0,0,0,0,0,0,0
2017/4/20,"1,425,690",0,0,0,0,0,0,0,0
2017/4/21,"1,373,105",0,0,0,0,0,0,0,0
2017/4/22,"835,422",0,0,0,0,0,0,0,0
2017/4/23,"569,656",0,0,0,0,0,0,0,0
2017/4/24,"921,557",0,0,0,0,0,0,0,0
2017/4/25,"1,266,596",0,0,0,0,0,0,0,0
2017/4/26,"1,160,226",0,0,0,0,0,0,0,0
2017/4/27,"901,240",0,0,0,0,0,0,0,0
2017/4/28,"1,020,836",0,0,0,0,0,0,0,0
2017/4/29,"995,341",0,0,0,0,0,0,0,0
2017/4/30,"1,028,869",0,0,0,0,0,0,0,0
2017/5/1,"941,064",0,0,0,0,0,0,0,0
2017/5/2,"928,958",0,0,0,0,0,0,0,0
2017/5/3,"872,201",0,0,0,0,0,0,0,0
2017/5/4,"1,016,863",0,0,0,0,0,0,0,0
2017/5/5,"1,030,880",0,0,0,0,0,0,0,0
2017/5/6,"834,825",0,0,0,0,0,0,0,0
2017/5/7,"869,960",0,0,0,0,0,0,0,0
2017/5/8,"710,726",0,0,0,0,0,0,0,0
2017/5/9,"4,061,088",1,0,0,0,0,0,0,1
2017/5/10,"2,572,139",1,0,0,0,0,0,0,0
2017/5/11,"1,475,558",1,0,0,0,0,0,0,0
2017/5/12,"1,394,331",1,0,0,0,0,0,0,0
2017/5/13,"1,116,373",1,0,0,0,0,0,0,0
2017/5/14,"1,350,395",1,0,0,0,0,0,0,0
2017/5/15,"1,214,866",1,0,0,0,0,0,0,0
2017/5/16,"2,158,621",1,1,0,0,0,0,0,1
2017/5/17,"1,675,236",1,1,0,0,0,0,0,0
2017/5/18,"1,219,536",1,1,0,0,0,0,0,0
2017/5/19,"1,269,369",1,1,0,0,0,0,0,0
2017/5/20,"1,103,649",1,1,0,0,0,0,0,0
2017/5/21,"1,121,410",1,1,0,0,0,0,0,0
2017/5/22,"1,339,260",1,1,0,0,0,0,0,0
2017/5/23,"1,717,717",1,1,1,0,0,0,0,0
2017/5/24,"1,835,242",1,1,1,0,0,0,0,0
2017/5/25,"1,721,184",1,1,1,0,0,0,0,0
2017/5/26,"1,393,089",1,1,1,0,0,0,0,0
2017/5/27,"1,201,208",1,1,1,0,0,0,0,0
2017/5/28,"1,183,915",1,1,1,0,0,0,0,0
2017/5/29,"1,017,470",1,1,1,0,0,0,0,0
2017/5/30,"917,762",1,1,1,0,0,0,0,0
2017/5/31,"1,302,887",1,1,1,0,0,0,0,0
2017/6/1,"1,258,370",1,1,1,0,0,0,0,0
2017/6/2,"1,249,825",1,1,1,0,0,0,0,0
2017/6/3,"1,046,863",1,1,1,0,0,0,0,0
2017/6/4,"979,022",1,1,1,0,0,0,0,0
2017/6/5,"1,061,343",1,1,1,0,0,0,0,0
2017/6/6,"1,236,386",1,1,1,0,0,0,0,0
2017/6/7,"1,191,432",1,1,1,0,0,0,0,0
2017/6/8,"989,287",1,1,1,0,0,0,0,0
2017/6/9,"1,152,814",1,1,1,0,0,0,0,0
2017/6/10,"1,188,098",1,1,1,0,0,0,0,0
2017/6/11,"1,089,458",1,1,1,0,0,0,0,0
2017/6/12,"1,722,052",1,1,1,0,0,0,0,0
2017/6/13,"2,004,929",1,1,1,0,0,0,0,0
2017/6/14,"1,770,545",1,1,1,0,0,0,0,0
2017/6/15,"1,837,133",1,1,1,0,0,0,0,0
2017/6/16,"2,344,056",1,1,1,0,0,0,0,0
2017/6/17,"1,753,326",1,1,1,0,0,0,0,0
2017/6/18,"1,546,251",1,1,1,0,0,0,0,0
2017/6/19,"1,505,831",1,1,1,0,0,0,0,0
2017/6/20,"1,509,914",1,1,1,0,0,0,0,0
2017/6/21,"1,565,289",1,1,1,0,0,0,0,0
2017/6/22,"1,672,281",1,1,1,0,0,0,0,0
2017/6/23,"1,775,304",1,1,1,0,0,0,0,0
2017/6/24,"1,427,884",1,1,1,0,0,0,0,0
2017/6/25,"1,579,604",1,1,1,0,0,0,0,0
2017/6/26,"1,339,578",1,1,1,0,0,0,0,0
2017/6/27,"1,447,773",1,1,1,0,0,0,0,0
2017/6/28,"1,488,101",1,1,1,0,0,0,0,0
2017/6/29,"1,426,979",1,1,1,0,0,0,0,0
2017/6/30,"2,008,857",1,1,1,0,0,0,0,0
2017/7/1,"2,310,942",1,1,1,0,0,0,0,0
2017/7/2,"1,954,896",1,1,1,0,0,0,0,0
2017/7/3,"1,467,292",1,1,1,0,0,0,0,0
2017/7/4,"1,802,442",1,1,1,0,0,0,0,0
2017/7/5,"1,931,897",1,1,1,0,0,0,0,0
2017/7/6,"1,673,201",1,1,1,0,0,0,0,0
2017/7/7,"1,571,745",1,1,1,0,0,0,0,0
2017/7/8,"1,376,647",1,1,1,0,0,0,0,0
2017/7/9,"1,084,875",1,1,1,0,0,0,0,0
2017/7/10,"5,600,845",1,1,1,1,0,0,0,1
2017/7/11,"4,422,465",1,1,1,1,0,0,0,0
2017/7/12,"3,592,535",1,1,1,1,0,0,0,0
2017/7/13,"2,684,018",1,1,1,1,0,0,0,0
2017/7/14,"2,744,206",1,1,1,1,0,0,0,0
2017/7/15,"2,321,339",1,1,1,1,0,0,0,0
2017/7/16,"1,143,057",1,1,1,0,0,0,0,0
2017/7/17,"984,952",1,1,1,0,0,0,0,0
2017/7/18,"794,196",1,1,1,0,0,0,0,0
2017/7/19,"1,026,068",1,1,1,0,0,0,0,0
2017/7/20,"1,265,906",1,1,1,0,0,0,0,0
2017/7/21,"971,854",1,1,1,0,0,0,0,0
2017/7/22,"878,763",1,1,1,0,0,0,0,0
2017/7/23,"946,875",1,1,1,0,0,0,0,0
2017/7/24,"1,162,542",1,1,1,0,0,0,0,0
2017/7/25,"1,349,128",1,1,1,0,0,0,0,0
2017/7/26,"1,139,207",1,1,1,0,0,0,0,0
2017/7/27,"1,191,677",1,1,1,0,0,0,0,0
2017/7/28,"1,294,629",1,1,1,0,0,0,0,0
2017/7/29,"1,507,600",1,1,1,0,0,0,0,0
2017/7/30,"853,375",1,1,1,0,0,0,0,0
2017/7/31,"1,247,192",1,1,1,0,0,0,0,0
2017/8/1,"1,212,371",0,0,0,0,0,0,0,0
2017/8/2,"1,098,586",0,0,0,0,0,0,0,0
2017/8/3,"1,109,523",0,0,0,0,0,0,0,0
2017/8/4,"998,688",0,0,0,0,0,0,0,0
2017/8/5,"1,010,082",0,0,0,0,0,0,0,0
2017/8/6,"1,055,213",0,0,0,0,0,0,0,0
2017/8/7,"962,750",0,0,0,0,0,0,0,0
2017/8/8,"971,129",0,0,0,0,0,0,0,0
2017/8/9,"1,021,293",0,0,0,0,0,0,0,0
2017/8/10,"896,562",0,0,0,0,0,0,0,0
2017/8/11,"1,226,599",0,0,0,0,0,0,0,0
2017/8/12,"1,076,450",0,0,0,0,0,0,0,0
2017/8/13,"845,363",0,0,0,0,0,0,0,0
2017/8/14,"890,477",0,0,0,0,0,0,0,0
2017/8/15,"933,202",0,0,0,0,0,0,0,0
2017/8/16,"1,008,942",0,0,0,0,0,0,0,0
2017/8/17,"916,027",0,0,0,0,0,0,0,0
2017/8/18,"1,178,029",0,0,0,0,0,0,0,0
2017/8/19,"1,171,087",0,0,0,0,0,0,0,0
2017/8/20,"1,150,356",0,0,0,0,0,0,0,0
2017/8/21,"1,099,723",0,0,0,0,0,0,0,0
2017/8/22,"1,249,226",0,0,0,0,0,0,0,0
2017/8/23,"1,331,622",0,0,0,0,0,0,0,0
2017/8/24,"1,100,717",0,0,0,0,0,0,0,0
2017/8/25,"1,283,261",0,0,0,0,0,0,0,0
2017/8/26,"1,591,568",0,0,0,0,0,0,0,0
2017/8/27,"788,306",0,0,0,0,0,0,0,0
2017/8/28,"1,006,001",0,0,0,0,0,0,0,0
2017/8/29,"774,394",0,0,0,0,0,0,0,0
2017/8/30,"1,120,821",0,0,0,0,0,0,0,0
2017/8/31,"1,183,362",0,0,0,0,0,0,0,0
2017/9/1,"1,393,157",0,0,0,0,0,0,0,0
2017/9/2,"1,155,212",0,0,0,0,0,0,0,0
2017/9/3,"1,174,320",0,0,0,0,0,0,0,0
2017/9/4,"1,185,821",0,0,0,0,0,0,0,0
2017/9/5,"1,150,927",0,0,0,0,0,0,0,0
2017/9/6,"1,382,088",0,0,0,0,0,0,0,0
2017/9/7,"1,764,615",0,0,0,0,0,0,0,0
2017/9/8,"1,254,375",0,0,0,0,0,0,0,0
2017/9/9,"1,103,793",0,0,0,0,0,0,0,0
2017/9/10,"1,074,925",0,0,0,0,0,0,0,0
2017/9/11,"1,429,868",0,0,0,0,0,0,0,0
2017/9/12,"966,560",0,0,0,0,0,0,0,0
2017/9/13,"1,403,678",0,0,0,0,0,0,0,0
2017/9/14,"1,305,100",0,0,0,0,0,0,0,0
2017/9/15,"1,763,230",0,0,0,0,0,0,0,0
2017/9/16,"1,363,318",0,0,0,0,0,0,0,0
2017/9/17,"1,391,122",0,0,0,0,0,0,0,0
2017/9/18,"1,506,950",0,0,0,0,0,0,0,0
2017/9/19,"1,464,668",0,0,0,0,0,0,0,0
2017/9/20,"1,530,984",0,0,0,0,0,0,0,0
2017/9/21,"2,195,776",0,0,0,0,0,0,0,0
2017/9/22,"1,364,822",0,0,0,0,0,0,0,0
2017/9/23,"1,522,701",0,0,0,0,0,0,0,0
2017/9/24,"1,275,033",0,0,0,0,0,0,0,0
2017/9/25,"1,451,805",0,0,0,0,0,0,0,0
2017/9/26,"1,518,745",0,0,0,0,0,0,0,0
2017/9/27,"1,249,007",0,0,0,0,0,0,0,0
2017/9/28,"1,267,312",0,0,0,0,0,0,0,0
2017/9/29,"1,173,748",0,0,0,0,0,0,0,0
2017/9/30,"1,456,760",0,0,0,0,0,0,0,0
2017/10/1,"1,631,684",0,0,0,0,0,0,0,0
2017/10/2,"1,580,945",0,0,0,0,0,0,0,0
2017/10/3,"1,235,581",0,0,0,0,0,0,0,0
2017/10/4,"1,052,648",0,0,0,0,0,0,0,0
2017/10/5,"1,202,454",0,0,0,0,0,0,0,0
2017/10/6,"1,043,568",0,0,0,0,0,0,0,0
2017/10/7,"1,539,671",0,0,0,0,0,0,0,0
2017/10/8,"935,670",0,0,0,0,0,0,0,0
2017/10/9,"1,103,982",0,0,0,0,0,0,0,0
2017/10/10,"1,621,116",0,0,0,0,0,0,0,0
2017/10/11,"1,191,146",0,0,0,0,0,0,0,0
2017/10/12,"1,375,665",0,0,0,0,0,0,0,0
2017/10/13,"1,608,748",0,0,0,0,0,0,0,0
2017/10/14,"1,194,068",0,0,0,0,0,0,0,0
2017/10/15,"1,240,079",0,0,0,0,0,0,0,0
2017/10/16,"1,441,514",0,0,0,0,0,0,0,0
2017/10/17,"1,241,591",0,0,0,0,0,0,0,0
2017/10/18,"1,087,751",0,0,0,0,0,0,0,0
2017/10/19,"1,631,700",0,0,0,0,0,0,0,0
2017/10/20,"1,571,724",0,0,0,0,0,0,0,0
2017/10/21,"1,652,698",0,0,0,0,0,0,0,0
2017/10/22,"1,144,281",0,0,0,0,0,0,0,0
2017/10/23,"1,293,638",0,0,0,0,0,0,0,0
2017/10/24,"1,583,749",0,0,0,0,0,0,0,0
2017/10/25,"1,514,052",0,0,0,0,0,0,0,0
2017/10/26,"1,304,272",0,0,0,0,0,0,0,0
2017/10/27,"1,171,636",0,0,0,0,0,0,0,0
2017/10/28,"1,232,870",0,0,0,0,0,0,0,0
2017/10/29,"1,421,477",0,0,0,0,0,0,0,0
2017/10/30,"1,207,458",0,0,0,0,0,0,0,0
2017/10/31,"1,521,498",0,0,0,0,0,0,0,0
2017/11/1,"1,394,112",0,0,0,0,0,0,0,0
2017/11/2,"1,213,834",0,0,0,0,0,0,0,0
2017/11/3,"1,524,792",0,0,0,0,0,0,0,0
2017/11/4,"1,008,062",0,0,0,0,0,0,0,0
2017/11/5,"1,211,900",0,0,0,0,0,0,0,0
2017/11/6,"1,149,245",0,0,0,0,0,0,0,0
2017/11/7,"1,082,757",0,0,0,0,0,0,0,0
2017/11/8,"929,148",0,0,0,0,0,0,0,0
2017/11/9,"1,236,380",0,0,0,0,0,0,0,0
2017/11/10,"1,415,256",0,0,0,0,0,0,0,0
2017/11/11,"956,514",0,0,0,0,0,0,0,0
2017/11/12,"1,157,557",0,0,0,0,0,0,0,0
2017/11/13,"5,584,254",1,0,0,0,0,0,0,1
2017/11/14,"2,754,865",1,0,0,0,0,0,0,0
2017/11/15,"2,195,064",1,0,0,0,0,0,0,0
2017/11/16,"1,929,398",1,0,0,0,0,0,0,0
2017/11/17,"3,857,043",1,0,0,0,0,0,0,0
2017/11/18,"2,609,897",1,0,0,0,0,0,0,0
2017/11/19,"2,873,275",1,0,0,0,0,0,0,0
2017/11/20,"2,501,826",1,1,0,0,0,0,0,0
2017/11/21,"3,602,181",1,1,0,0,0,0,0,0
2017/11/22,"4,240,825",1,1,0,0,0,0,0,0
2017/11/23,"4,986,944",1,1,0,0,0,1,0,0
2017/11/24,"7,306,053",1,1,0,0,0,1,0,1
2017/11/25,"3,932,793",1,1,0,0,0,1,0,0
2017/11/26,"2,203,172",1,1,0,0,0,0,0,0
2017/11/27,"2,323,503",1,1,1,0,0,0,0,0
2017/11/28,"2,051,696",1,1,1,0,0,0,0,0
2017/11/29,"1,614,941",1,1,1,0,0,0,0,0
2017/11/30,"1,967,808",1,1,1,0,0,0,0,0
2017/12/1,"2,671,240",1,1,1,0,0,0,0,0
2017/12/2,"2,448,670",1,1,1,0,0,0,0,0
2017/12/3,"2,351,056",1,1,1,0,0,0,0,0
2017/12/4,"2,196,726",1,1,1,0,0,0,0,0
2017/12/5,"2,075,644",1,1,1,0,0,0,0,0
2017/12/6,"2,043,761",1,1,1,0,0,0,0,0
2017/12/7,"1,876,604",1,1,1,0,0,0,0,0
2017/12/8,"2,037,615",1,1,1,0,0,0,0,0
2017/12/9,"1,966,949",1,1,1,0,0,0,0,0
2017/12/10,"2,094,756",1,1,1,0,0,0,0,0
2017/12/11,"2,112,982",1,1,1,0,0,0,0,0
2017/12/12,"2,201,566",1,1,1,0,0,0,0,0
2017/12/13,"2,348,946",1,1,1,0,0,0,0,0
2017/12/14,"2,349,384",1,1,1,0,0,0,0,0
2017/12/15,"2,003,209",1,1,1,0,0,0,0,0
2017/12/16,"1,986,830",1,1,1,0,0,0,0,0
2017/12/17,"1,959,241",1,1,1,0,0,0,0,0
2017/12/18,"1,854,712",1,1,1,0,0,0,0,0
2017/12/19,"1,970,882",1,1,1,0,0,0,0,0
2017/12/20,"2,350,401",1,1,1,0,0,0,0,0
2017/12/21,"2,440,622",1,1,1,0,0,0,0,0
2017/12/22,"2,166,704",1,1,1,0,0,0,0,0
2017/12/23,"1,864,064",1,1,1,0,0,0,0,0
2017/12/24,"1,862,662",1,1,1,0,0,0,0,0
2017/12/25,"1,767,081",1,1,1,0,0,0,0,0
2017/12/26,"2,027,633",1,1,1,0,0,0,0,0
2017/12/27,"1,906,225",1,1,1,0,0,0,0,0
2017/12/28,"1,892,805",1,1,1,0,0,0,0,0
2017/12/29,"1,897,687",1,1,1,0,0,0,0,0
2017/12/30,"1,354,210",1,1,1,0,0,0,0,0
2017/12/31,"1,387,957",1,1,1,0,0,0,0,0
2018/1/1,"1,694,388",1,1,1,0,0,0,0,0
2018/1/2,"1,910,741",1,1,1,0,0,0,0,0
2018/1/3,"2,779,165",1,1,1,0,0,0,0,0
2018/1/4,"2,500,091",1,1,1,0,0,0,0,0
2018/1/5,"3,006,369",1,1,1,0,0,0,0,0
2018/1/6,"2,558,172",1,1,1,0,0,0,0,0
2018/1/7,"2,139,355",1,1,1,0,0,0,0,0
2018/1/8,"13,199,112",1,1,1,0,0,1,0,1
2018/1/9,"6,599,658",1,1,1,0,0,1,0,0
2018/1/10,"5,666,201",1,1,1,0,0,1,0,0
2018/1/11,"4,826,864",1,1,1,0,0,1,0,0
2018/1/12,"4,867,192",1,1,1,0,0,1,0,0
2018/1/13,"4,414,717",1,1,1,0,0,1,0,0
2018/1/14,"1,102,012",1,1,1,0,0,0,0,0
2018/1/15,"1,582,209",1,1,1,0,0,0,0,0
2018/1/16,"2,041,396",1,1,1,0,0,0,0,0
2018/1/17,"1,970,753",1,1,1,0,0,0,0,0
2018/1/18,"1,968,743",1,1,1,0,0,0,0,0
2018/1/19,"1,755,191",1,1,1,0,0,0,0,0
2018/1/20,"1,919,998",1,1,1,0,0,0,0,0
2018/1/21,"1,565,543",1,1,1,0,0,0,0,0
2018/1/22,"2,028,142",1,1,1,0,0,0,0,0
2018/1/23,"1,980,342",1,1,1,0,0,0,0,0
2018/1/24,"1,821,639",1,1,1,0,0,0,0,0
2018/1/25,"2,072,458",1,1,1,0,0,0,0,0
2018/1/26,"1,980,234",1,1,1,0,0,0,0,0
2018/1/27,"1,789,737",1,1,1,0,0,0,0,0
2018/1/28,"1,945,751",1,1,1,0,0,0,0,0
2018/1/29,"1,908,206",1,1,1,0,0,0,0,0
2018/1/30,"1,838,249",1,1,1,0,0,0,0,0
2018/1/31,"2,143,293",1,1,1,0,0,0,0,0
2018/2/1,"1,682,013",0,0,0,0,0,0,0,0
2018/2/2,"1,727,016",0,0,0,0,0,0,0,0
2018/2/3,"1,476,245",0,0,0,0,0,0,0,0
2018/2/4,"1,863,079",0,0,0,0,0,0,0,0
2018/2/5,"1,698,988",0,0,0,0,0,0,0,0
2018/2/6,"1,808,745",0,0,0,0,0,0,0,0
2018/2/7,"1,727,833",0,0,0,0,0,0,0,0
2018/2/8,"1,530,373",0,0,0,0,0,0,0,0
2018/2/9,"2,119,924",0,0,0,0,0,0,0,0
2018/2/10,"1,694,569",0,0,0,0,0,0,0,0
2018/2/11,"1,391,338",0,0,0,0,0,0,0,0
2018/2/12,"1,486,961",0,0,0,0,0,0,0,0
2018/2/13,"1,497,631",0,0,0,0,0,0,0,0
2018/2/14,"1,568,125",0,0,0,0,0,0,0,0
2018/2/15,"1,814,457",0,0,0,0,0,0,0,0
2018/2/16,"2,222,595",0,0,0,0,0,0,0,0
2018/2/17,"1,855,883",0,0,0,0,0,0,0,0
2018/2/18,"1,731,252",0,0,0,0,0,0,0,0
2018/2/19,"1,793,868",0,0,0,0,0,0,0,0
2018/2/20,"2,083,819",0,0,0,0,0,0,0,0
2018/2/21,"2,076,910",0,0,0,0,0,0,0,0
2018/2/22,"2,069,100",0,0,0,0,0,0,0,0
2018/2/23,"2,423,468",0,0,0,0,0,0,0,0
2018/2/24,"2,021,375",0,0,0,0,0,0,0,0
2018/2/25,"1,843,264",0,0,0,0,0,0,0,0
2018/2/26,"1,889,541",0,0,0,0,0,0,0,0
2018/2/27,"3,246,685",0,0,0,0,0,0,0,0
2018/2/28,"3,228,274",0,0,0,0,0,0,0,0
2018/3/1,"1,866,107",0,0,0,0,0,0,0,0
2018/3/2,"2,114,405",0,0,0,0,0,0,0,0
2018/3/3,"1,711,202",0,0,0,0,0,0,0,0
2018/3/4,"1,571,333",0,0,0,0,0,0,0,0
2018/3/5,"2,146,063",0,0,0,0,0,0,0,0
2018/3/6,"2,178,277",0,0,0,0,0,0,0,0
2018/3/7,"2,308,997",0,0,0,0,0,0,0,0
2018/3/8,"1,834,302",0,0,0,0,0,0,0,0
2018/3/9,"2,262,439",0,0,0,0,0,0,0,0
2018/3/10,"2,026,105",0,0,0,0,0,0,0,0
2018/3/11,"1,912,707",0,0,0,0,0,0,0,0
2018/3/12,"1,609,617",0,0,0,0,0,0,0,0
2018/3/13,"1,613,745",0,0,0,0,0,0,0,0
2018/3/14,"2,008,170",0,0,0,0,0,0,0,0
2018/3/15,"1,979,975",0,0,0,0,0,0,0,0
2018/3/16,"2,102,691",0,0,0,0,0,0,0,0
2018/3/17,"1,701,466",0,0,0,0,0,0,0,0
2018/3/18,"1,574,771",0,0,0,0,0,0,0,0
2018/3/19,"2,084,025",0,0,0,0,0,0,0,0
2018/3/20,"2,108,052",0,0,0,0,0,0,0,0
2018/3/21,"2,450,497",0,0,0,0,0,0,0,0
2018/3/22,"2,330,910",0,0,0,0,0,0,0,0
2018/3/23,"1,602,683",0,0,0,0,0,0,0,0
2018/3/24,"1,854,005",0,0,0,0,0,0,0,0
2018/3/25,"1,898,649",0,0,0,0,0,0,0,0
2018/3/26,"1,449,308",0,0,0,0,0,0,0,0
2018/3/27,"2,368,381",0,0,0,0,0,0,0,0
2018/3/28,"2,290,155",0,0,0,0,0,0,0,0
2018/3/29,"2,318,481",0,0,0,0,0,0,0,0
2018/3/30,"2,204,007",0,0,0,0,0,0,0,0
2018/3/31,"2,235,669",0,0,0,0,0,0,0,0
2018/4/1,"1,637,670",0,0,0,0,0,0,0,0
2018/4/2,"1,432,570",0,0,0,0,0,0,0,0
2018/4/3,"1,538,917",0,0,0,0,0,0,0,0
2018/4/4,"1,787,775",0,0,0,0,0,0,0,0
2018/4/5,"1,950,828",0,0,0,0,0,0,0,0
2018/4/6,"1,567,712",0,0,0,0,0,0,0,0
2018/4/7,"1,573,872",0,0,0,0,0,0,0,0
2018/4/8,"1,399,874",0,0,0,0,0,0,0,0
2018/4/9,"1,501,638",0,0,0,0,0,0,0,0
2018/4/10,"3,603,444",0,0,0,0,0,1,0,0
2018/4/11,"2,431,702",0,0,0,0,0,1,0,0
2018/4/12,"2,123,098",0,0,0,0,0,1,0,0
2018/4/13,"1,979,608",0,0,0,0,0,1,0,0
2018/4/14,"2,118,055",0,0,0,0,0,1,0,0
2018/4/15,"1,913,884",0,0,0,0,0,1,0,0
2018/4/16,"1,937,838",0,0,0,0,0,1,0,0
2018/4/17,"2,079,850",0,0,0,0,0,1,0,0
2018/4/18,"1,811,113",0,0,0,0,0,1,0,0
2018/4/19,"1,727,622",0,0,0,0,0,1,0,0
2018/4/20,"1,665,746",0,0,0,0,0,1,0,0
2018/4/21,"1,530,870",0,0,0,0,0,1,0,0
2018/4/22,"1,175,188",0,0,0,0,0,1,0,0
2018/4/23,"1,925,528",0,0,0,0,0,1,0,0
2018/4/24,"1,961,278",0,0,0,0,0,1,0,0
2018/4/25,"1,832,809",0,0,0,0,0,1,0,0
2018/4/26,"1,732,902",0,0,0,0,0,1,0,0
2018/4/27,"1,854,814",0,0,0,0,0,1,0,0
2018/4/28,"1,676,848",0,0,0,0,0,1,0,0
2018/4/29,"1,276,866",0,0,0,0,0,1,0,0
2018/4/30,"1,145,384",0,0,0,0,0,1,0,0
2018/5/1,"1,377,384",0,0,0,0,0,0,0,0
2018/5/2,"1,175,608",0,0,0,0,0,0,0,0
2018/5/3,"1,063,686",0,0,0,0,0,0,0,0
2018/5/4,"1,133,832",0,0,0,0,0,0,0,0
2018/5/5,"1,181,145",0,0,0,0,0,0,0,0
2018/5/6,"952,512",0,0,0,0,0,0,0,0
2018/5/7,"1,213,410",0,0,0,0,0,0,0,0
2018/5/8,"9,783,227",1,0,0,0,0,0,0,1
2018/5/9,"3,127,687",1,0,0,0,0,0,0,0
2018/5/10,"2,729,388",1,0,0,0,0,0,0,0
2018/5/11,"2,738,163",1,0,0,0,0,0,0,0
2018/5/12,"2,318,776",1,0,0,0,0,0,0,0
2018/5/13,"1,781,190",1,0,0,0,0,0,0,0
2018/5/14,"2,370,680",1,0,0,0,0,0,0,0
2018/5/15,"5,410,831",1,1,0,0,0,0,0,1
2018/5/16,"3,533,467",1,1,0,0,0,0,0,0
2018/5/17,"2,811,325",1,1,0,0,0,0,0,0
2018/5/18,"2,591,093",1,1,0,0,0,0,0,0
2018/5/19,"2,310,173",1,1,0,0,0,0,0,0
2018/5/20,"2,033,463",1,1,0,0,0,0,0,0
2018/5/21,"2,767,992",1,1,0,0,0,0,0,0
2018/5/22,"3,291,411",1,1,1,0,0,0,0,0
2018/5/23,"3,593,150",1,1,1,0,0,0,0,0
2018/5/24,"2,533,997",1,1,1,0,0,0,0,0
2018/5/25,"2,546,979",1,1,1,0,0,0,0,0
2018/5/26,"2,107,516",1,1,1,0,0,0,0,0
2018/5/27,"2,262,005",1,1,1,0,0,0,0,0
2018/5/28,"2,228,166",1,1,1,0,0,0,0,0
2018/5/29,"2,099,058",1,1,1,0,0,0,0,0
2018/5/30,"2,255,936",1,1,1,0,0,0,0,0
2018/5/31,"3,086,306",1,1,1,0,0,0,0,0
2018/6/1,"3,056,921",1,1,1,0,0,0,0,0
2018/6/2,"2,415,200",1,1,1,0,0,0,0,0
2018/6/3,"2,330,963",1,1,1,0,0,0,0,0
2018/6/4,"2,419,566",1,1,1,0,0,0,0,0
2018/6/5,"2,283,152",1,1,1,0,0,0,0,0
2018/6/6,"2,830,517",1,1,1,0,0,0,0,0
2018/6/7,"2,554,261",1,1,1,0,0,0,0,0
2018/6/8,"2,349,156",1,1,1,0,0,0,0,0
2018/6/9,"2,330,243",1,1,1,0,0,0,0,0
2018/6/10,"2,021,712",1,1,1,0,0,0,0,0
2018/6/11,"2,249,861",1,1,1,0,0,0,0,0
2018/6/12,"2,390,214",1,1,1,0,0,0,0,0
2018/6/13,"2,390,082",1,1,1,0,0,0,0,0
2018/6/14,"2,644,419",1,1,1,0,0,0,0,0
2018/6/15,"2,317,454",1,1,1,0,0,0,0,0
2018/6/16,"2,700,883",1,1,1,0,0,0,0,0
2018/6/17,"1,740,519",1,1,1,0,0,0,0,0
2018/6/18,"2,063,053",1,1,1,0,0,0,0,0
2018/6/19,"4,243,308",1,1,1,0,0,0,0,0
2018/6/20,"3,872,739",1,1,1,0,0,0,0,0
2018/6/21,"3,206,198",1,1,1,0,0,0,0,0
2018/6/22,"3,480,915",1,1,1,0,0,0,0,0
2018/6/23,"3,679,451",1,1,1,0,0,0,0,0
2018/6/24,"2,699,504",1,1,1,0,0,0,0,0
2018/6/25,"2,465,955",1,1,1,0,0,0,0,0
2018/6/26,"2,964,644",1,1,1,0,0,0,0,0
2018/6/27,"2,916,681",1,1,1,0,0,0,0,0
2018/6/28,"2,668,381",1,1,1,0,0,0,0,0
2018/6/29,"3,211,863",1,1,1,0,0,0,0,0
2018/6/30,"2,626,372",1,1,1,0,0,0,0,0
2018/7/1,"2,670,239",1,1,1,0,0,0,0,0
2018/7/2,"2,668,109",1,1,1,0,0,0,0,0
2018/7/3,"2,205,264",1,1,1,0,0,0,0,0
2018/7/4,"3,092,162",1,1,1,0,0,0,0,0
2018/7/5,"2,799,276",1,1,1,0,0,0,0,0
2018/7/6,"2,542,136",1,1,1,0,0,0,0,0
2018/7/7,"2,430,184",1,1,1,0,0,0,0,0
2018/7/8,"2,141,928",1,1,1,0,0,0,0,0
2018/7/9,"12,910,249",1,1,1,1,0,0,0,1
2018/7/10,"7,065,574",1,1,1,1,0,0,0,0
2018/7/11,"4,850,768",1,1,1,1,0,0,0,0
2018/7/12,"4,623,471",1,1,1,1,0,0,0,0
2018/7/13,"4,448,686",1,1,1,1,0,0,0,0
2018/7/14,"3,768,845",1,1,1,1,0,0,0,0
2018/7/15,"1,465,039",1,1,1,0,0,0,0,0
2018/7/16,"1,817,720",1,1,1,0,0,0,0,0
2018/7/17,"1,739,857",1,1,1,0,0,0,0,0
2018/7/18,"1,751,057",1,1,1,0,0,0,0,0
2018/7/19,"1,985,655",1,1,1,0,0,0,0,0
2018/7/20,"2,828,285",1,1,1,0,0,0,0,0
2018/7/21,"2,094,860",1,1,1,0,0,0,0,0
2018/7/22,"2,006,844",1,1,1,0,0,0,0,0
2018/7/23,"1,713,493",1,1,1,0,0,0,0,0
2018/7/24,"1,702,099",1,1,1,0,0,0,0,0
2018/7/25,"2,278,315",1,1,1,0,0,0,0,0
2018/7/26,"2,286,519",1,1,1,0,0,0,0,0
2018/7/27,"2,382,295",1,1,1,0,0,0,0,0
2018/7/28,"2,080,117",1,1,1,0,0,0,0,0
2018/7/29,"1,816,286",1,1,1,0,0,0,0,0
2018/7/30,"1,935,779",1,1,1,0,0,0,0,0
2018/7/31,"2,509,339",1,1,1,0,0,0,0,0
2018/8/1,"2,105,814",0,0,0,0,0,0,0,0
2018/8/2,"1,663,228",0,0,0,0,0,0,0,0
2018/8/3,"1,869,451",0,0,0,0,0,0,0,0
2018/8/4,"1,589,399",0,0,0,0,0,0,0,0
2018/8/5,"1,532,453",0,0,0,0,0,0,0,0
2018/8/6,"2,148,759",0,0,0,0,0,0,0,0
2018/8/7,"1,882,578",0,0,0,0,0,0,0,0
2018/8/8,"2,303,313",0,0,0,0,0,0,0,0
2018/8/9,"1,898,162",0,0,0,0,0,0,0,0
2018/8/10,"1,873,157",0,0,0,0,0,0,0,0
2018/8/11,"2,190,219",0,0,0,0,0,0,0,0
2018/8/12,"1,534,371",0,0,0,0,0,0,0,0
2018/8/13,"1,454,390",0,0,0,0,0,0,0,0
2018/8/14,"1,593,642",0,0,0,0,0,0,0,0
2018/8/15,"1,565,113",0,0,0,0,0,0,0,0
2018/8/16,"1,986,240",0,0,0,0,0,0,0,0
2018/8/17,"2,511,335",0,0,0,0,0,0,0,0
2018/8/18,"2,852,319",0,0,0,0,0,0,0,0
2018/8/19,"2,243,039",0,0,0,0,0,0,0,0
2018/8/20,"1,873,460",0,0,0,0,0,0,0,0
2018/8/21,"1,761,661",0,0,0,0,0,0,0,0
2018/8/22,"2,498,160",0,0,0,0,0,0,0,0
2018/8/23,"2,540,908",0,0,0,0,0,0,0,0
2018/8/24,"2,850,621",0,0,0,0,0,0,0,0
2018/8/25,"2,581,790",0,0,0,0,0,0,0,0
2018/8/26,"1,674,472",0,0,0,0,0,0,0,0
2018/8/27,"1,871,202",0,0,0,0,0,0,0,0
2018/8/28,"1,827,592",0,0,0,0,0,0,0,0
2018/8/29,"1,855,449",0,0,0,0,0,0,0,0
2018/8/30,"2,066,381",0,0,0,0,0,0,0,0
2018/8/31,"1,964,262",0,0,0,0,0,0,0,0
2018/9/1,"2,078,423",0,0,0,0,0,0,0,0
2018/9/2,"2,116,600",0,0,0,0,0,0,0,0
2018/9/3,"7,386,743",0,0,0,1,0,0,0,1
2018/9/4,"4,565,548",0,0,0,1,0,0,0,0
2018/9/5,"3,465,104",0,0,0,1,0,0,0,0
2018/9/6,"2,601,897",0,0,0,1,0,0,0,0
2018/9/7,"3,339,599",0,0,0,1,0,0,0,0
2018/9/8,"2,474,322",0,0,0,1,0,0,0,0
2018/9/9,"1,577,788",0,0,0,0,0,0,0,0
2018/9/10,"2,268,494",0,0,0,0,0,0,0,0
2018/9/11,"1,738,033",0,0,0,0,0,0,0,0
2018/9/12,"1,471,773",0,0,0,0,0,0,0,0
2018/9/13,"2,029,703",0,0,0,0,0,0,0,0
2018/9/14,"1,804,115",0,0,0,0,0,0,0,0
2018/9/15,"1,717,250",0,0,0,0,0,0,0,0
2018/9/16,"1,693,852",0,0,0,0,0,0,0,0
2018/9/17,"1,710,703",0,0,0,0,0,0,0,0
2018/9/18,"1,927,590",0,0,0,0,0,0,0,0
2018/9/19,"2,027,259",0,0,0,0,0,0,0,0
2018/9/20,"1,896,523",0,0,0,0,0,0,0,0
2018/9/21,"2,380,644",0,0,0,0,0,0,0,0
2018/9/22,"2,075,342",0,0,0,0,0,0,0,0
2018/9/23,"1,226,868",0,0,0,0,0,0,0,0
2018/9/24,"1,724,106",0,0,0,0,0,0,0,0
2018/9/25,"2,035,057",0,0,0,0,0,0,0,0
2018/9/26,"1,782,692",0,0,0,0,0,0,0,0
2018/9/27,"1,615,048",0,0,0,0,0,0,0,0
2018/9/28,"1,624,307",0,0,0,0,0,0,0,0
2018/9/29,"1,543,435",0,0,0,0,0,0,0,0
2018/9/30,"2,406,572",0,0,0,0,0,0,0,0
2018/10/1,"2,378,777",0,0,0,0,0,0,0,0
2018/10/2,"1,720,424",0,0,0,0,0,0,0,0
2018/10/3,"1,859,543",0,0,0,0,0,0,0,0
2018/10/4,"2,254,910",0,0,0,0,0,0,0,0
2018/10/5,"1,799,487",0,0,0,0,0,0,0,0
2018/10/6,"1,756,917",0,0,0,0,0,0,0,0
2018/10/7,"1,357,913",0,0,0,0,0,0,0,0
2018/10/8,"3,977,693",0,0,0,1,0,0,0,0
2018/10/9,"2,953,993",0,0,0,1,0,0,0,0
2018/10/10,"2,760,621",0,0,0,1,0,0,0,0
2018/10/11,"2,764,009",0,0,0,1,0,0,0,0
2018/10/12,"2,516,352",0,0,0,1,0,0,0,0
2018/10/13,"2,515,512",0,0,0,1,0,0,0,0
2018/10/14,"2,374,307",0,0,0,1,0,0,0,0
2018/10/15,"2,357,334",0,0,0,1,0,0,0,0
2018/10/16,"2,059,554",0,0,0,1,0,0,0,0
2018/10/17,"2,500,894",0,0,0,1,0,0,0,0
2018/10/18,"2,296,442",0,0,0,1,0,0,0,0
2018/10/19,"2,435,158",0,0,0,1,0,0,0,0
2018/10/20,"2,300,851",0,0,0,1,0,0,0,0
2018/10/21,"2,190,937",0,0,0,1,0,0,0,0
2018/10/22,"2,732,886",0,0,0,1,0,0,0,0
2018/10/23,"2,057,476",0,0,0,1,0,0,0,0
2018/10/24,"5,031,276",0,0,0,1,0,0,1,0
2018/10/25,"4,381,700",0,0,0,1,0,0,1,0
2018/10/26,"5,684,953",0,0,0,1,0,0,1,0
2018/10/27,"5,158,402",0,0,0,1,0,0,1,0
2018/10/28,"3,457,653",0,0,0,1,0,0,1,0
2018/10/29,"1,749,115",0,0,0,1,0,0,0,0
2018/10/30,"2,321,511",0,0,0,1,0,0,0,0
2018/10/31,"2,085,312",0,0,0,1,0,0,0,0
2018/11/1,"1,365,728",0,0,0,0,0,0,0,0
2018/11/2,"1,658,503",0,0,0,0,0,0,0,0
2018/11/3,"1,674,747",0,0,0,0,0,0,0,0
2018/11/4,"1,377,651",0,0,0,0,0,0,0,0
2018/11/5,"2,118,228",0,0,0,0,0,0,0,0
2018/11/6,"1,693,537",0,0,0,0,0,0,0,0
2018/11/7,"1,373,084",0,0,0,0,0,0,0,0
2018/11/8,"12,299,783",1,0,0,0,0,0,0,1
2018/11/9,"5,174,168",1,0,0,0,0,0,0,0
2018/11/10,"3,770,958",1,0,0,0,0,0,0,0
2018/11/11,"3,287,256",1,0,0,0,0,0,0,0
2018/11/12,"2,637,065",1,0,0,0,0,0,0,0
2018/11/13,"3,136,693",1,0,0,0,0,0,0,0
2018/11/14,"3,119,632",1,0,0,0,0,0,0,0
2018/11/15,"6,636,024",1,1,0,0,0,0,0,1
2018/11/16,"4,636,693",1,1,0,0,0,0,0,0
2018/11/17,"3,745,798",1,1,0,0,0,0,0,0
2018/11/18,"3,508,316",1,1,0,0,0,0,0,0
2018/11/19,"3,166,705",1,1,0,0,0,0,0,0
2018/11/20,"3,383,727",1,1,0,0,0,0,0,0
2018/11/21,"2,960,116",1,1,0,0,0,0,0,0
2018/11/22,"7,943,501",1,1,1,0,0,0,0,1
2018/11/23,"7,295,397",1,1,1,0,0,0,0,0
2018/11/24,"4,764,799",1,1,1,0,0,0,0,0
2018/11/25,"5,434,518",1,1,1,0,0,0,0,0
2018/11/26,"4,223,032",1,1,1,0,0,0,0,0
2018/11/27,"2,503,107",1,1,1,0,0,0,0,0
2018/11/28,"2,106,853",1,1,1,0,0,0,0,0
2018/11/29,"2,033,716",1,1,1,0,0,0,0,0
2018/11/30,"2,300,250",1,1,1,0,0,0,0,0
2018/12/1,"2,474,780",1,1,1,0,0,0,0,0
2018/12/2,"2,231,831",1,1,1,0,0,0,0,0
2018/12/3,"2,786,965",1,1,1,0,0,0,0,0
2018/12/4,"2,783,945",1,1,1,0,0,0,0,0
2018/12/5,"3,003,916",1,1,1,0,0,0,0,0
2018/12/6,"2,166,148",1,1,1,0,0,0,0,0
2018/12/7,"2,303,163",1,1,1,0,0,0,0,0
2018/12/8,"2,336,260",1,1,1,0,0,0,0,0
2018/12/9,"2,671,571",1,1,1,0,0,0,0,0
2018/12/10,"2,876,449",1,1,1,0,0,0,0,0
2018/12/11,"2,800,991",1,1,1,0,0,0,0,0
2018/12/12,"2,440,699",1,1,1,0,0,0,0,0
2018/12/13,"2,793,931",1,1,1,0,0,0,0,0
2018/12/14,"2,389,174",1,1,1,0,0,0,0,0
2018/12/15,"2,767,893",1,1,1,0,0,0,0,0
2018/12/16,"2,581,557",1,1,1,0,0,0,0,0
2018/12/17,"3,089,463",1,1,1,0,0,0,0,0
2018/12/18,"2,669,116",1,1,1,0,0,0,0,0
2018/12/19,"2,530,795",1,1,1,0,0,0,0,0
2018/12/20,"2,733,892",1,1,1,0,0,0,0,0
2018/12/21,"2,196,096",1,1,1,0,0,0,0,0
2018/12/22,"2,596,395",1,1,1,0,0,0,0,0
2018/12/23,"2,052,608",1,1,1,0,0,0,0,0
2018/12/24,"2,451,221",1,1,1,0,0,0,0,0
2018/12/25,"2,293,695",1,1,1,0,0,0,0,0
2018/12/26,"2,239,915",1,1,1,0,0,0,0,0
2018/12/27,"1,877,622",1,1,1,0,0,0,0,0
2018/12/28,"1,588,718",1,1,1,0,0,0,0,0
2018/12/29,"1,972,315",1,1,1,0,0,0,0,0
2018/12/30,"1,490,392",1,1,1,0,0,0,0,0
2018/12/31,"2,024,897",1,1,1,0,0,0,0,0
2019/1/1,"2,051,334",1,1,1,0,0,0,0,0
2019/1/2,"3,467,971",1,1,1,0,0,0,0,0
2019/1/3,"3,512,859",1,1,1,0,0,0,0,0
2019/1/4,"3,369,243",1,1,1,0,0,0,0,0
2019/1/5,"3,694,463",1,1,1,0,0,0,0,0
2019/1/6,"3,050,854",1,1,1,0,0,0,0,0
2019/1/7,"3,321,680",1,1,1,0,0,0,0,0
2019/1/8,"2,915,570",1,1,1,0,0,0,0,0
2019/1/9,"3,085,105",1,1,1,0,0,0,0,0
2019/1/10,"3,285,214",1,1,1,0,0,0,0,0
2019/1/11,"2,483,297",1,1,1,0,0,0,0,0
2019/1/12,"2,798,836",1,1,1,0,0,0,0,0
2019/1/13,"2,100,426",1,1,1,0,0,0,0,0
2019/1/14,"12,128,090",1,1,1,0,0,1,0,1
2019/1/15,"7,810,385",1,1,1,0,0,1,0,0
2019/1/16,"7,429,945",1,1,1,0,0,1,0,0
2019/1/17,"6,588,590",1,1,1,0,0,1,0,0
2019/1/18,"9,262,660",1,1,1,0,0,1,0,0
2019/1/19,"7,433,383",1,1,1,0,0,1,0,0
2019/1/20,"2,303,453",1,1,1,0,0,0,0,0
2019/1/21,"2,261,301",1,1,1,0,0,0,0,0
2019/1/22,"1,986,191",1,1,1,0,0,0,0,0
2019/1/23,"2,816,413",1,1,1,0,0,0,0,0
2019/1/24,"2,676,684",1,1,1,0,0,0,0,0
2019/1/25,"3,531,059",1,1,1,0,0,0,0,0
2019/1/26,"2,258,523",1,1,1,0,0,0,0,0
2019/1/27,"2,541,344",1,1,1,0,0,0,0,0
2019/1/28,"3,086,602",1,1,1,0,0,0,0,0
2019/1/29,"3,322,116",1,1,1,0,0,0,0,0
2019/1/30,"2,671,935",1,1,1,0,0,0,0,0
2019/1/31,"2,895,927",1,1,1,0,0,0,0,0
2019/2/1,"2,640,477",0,0,0,0,0,0,0,0
2019/2/2,"2,840,945",0,0,0,0,0,0,0,0
2019/2/3,"2,968,071",0,0,0,0,0,0,0,0
2019/2/4,"2,477,816",0,0,0,0,0,0,0,0
2019/2/5,"2,788,113",0,0,0,0,0,0,0,0
2019/2/6,"2,653,832",0,0,0,0,0,0,0,0
2019/2/7,"2,771,567",0,0,0,0,0,0,0,0
2019/2/8,"2,682,224",0,0,0,0,0,0,0,0
2019/2/9,"2,882,327",0,0,0,0,0,0,0,0
2019/2/10,"1,834,786",0,0,0,0,0,0,0,0
2019/2/11,"2,396,157",0,0,0,0,0,0,0,0
2019/2/12,"2,662,954",0,0,0,0,0,0,0,0
2019/2/13,"2,508,361",0,0,0,0,0,0,0,0
2019/2/14,"2,487,318",0,0,0,0,0,0,0,0
2019/2/15,"3,424,128",0,0,0,0,0,0,0,0
2019/2/16,"2,933,782",0,0,0,0,0,0,0,0
2019/2/17,"2,927,879",0,0,0,0,0,0,0,0
2019/2/18,"2,720,010",0,0,0,0,0,0,0,0
2019/2/19,"2,833,873",0,0,0,0,0,0,0,0
2019/2/20,"2,587,268",0,0,0,0,0,0,0,0
2019/2/21,"3,638,606",0,0,0,0,0,0,0,0
2019/2/22,"3,015,706",0,0,0,0,0,0,0,0
2019/2/23,"2,389,274",0,0,0,0,0,0,0,0
2019/2/24,"2,156,606",0,0,0,0,0,0,0,0
2019/2/25,"2,584,127",0,0,0,0,0,0,0,0
2019/2/26,"2,553,546",0,0,0,0,0,0,0,0
2019/2/27,"2,850,761",0,0,0,0,0,0,0,0
2019/2/28,"3,197,353",0,0,0,0,0,0,0,0
2019/3/1,"3,746,083",0,0,0,0,0,0,0,0
2019/3/2,"2,722,356",0,0,0,0,0,0,0,0
2019/3/3,"2,769,684",0,0,0,0,0,0,0,0
2019/3/4,"2,701,617",0,0,0,0,0,0,0,0
2019/3/5,"2,470,487",0,0,0,0,0,0,0,0
2019/3/6,"2,689,615",0,0,0,0,0,0,0,0
2019/3/7,"3,027,763",0,0,0,0,0,0,0,0
2019/3/8,"6,868,412",0,0,0,0,0,1,0,1
2019/3/9,"4,437,345",0,0,0,0,0,1,0,0
2019/3/10,"4,289,929",0,0,0,0,0,1,0,0
2019/3/11,"3,650,724",0,0,0,0,0,1,0,0
2019/3/12,"4,655,436",0,0,0,0,0,1,0,0
2019/3/13,"3,433,463",0,0,0,0,0,1,0,0
2019/3/14,"3,571,756",0,0,0,0,0,1,0,0
2019/3/15,"3,537,984",0,0,0,0,0,1,0,0
2019/3/16,"3,567,276",0,0,0,0,0,1,0,0
2019/3/17,"3,742,814",0,0,0,0,0,1,0,0
2019/3/18,"3,460,683",0,0,0,0,0,1,0,0
2019/3/19,"3,259,123",0,0,0,0,0,1,0,0
2019/3/20,"3,623,344",0,0,0,0,0,1,0,0
2019/3/21,"3,588,754",0,0,0,0,0,1,0,0
2019/3/22,"2,829,867",0,0,0,0,0,1,0,0
2019/3/23,"2,817,184",0,0,0,0,0,1,0,0
2019/3/24,"2,108,438",0,0,0,0,0,1,0,0
2019/3/25,"3,011,013",0,0,0,0,0,1,0,0
2019/3/26,"4,129,927",0,0,0,0,0,1,0,0
2019/3/27,"3,957,053",0,0,0,0,0,1,0,0
2019/3/28,"3,373,627",0,0,0,0,0,1,0,0
2019/3/29,"3,487,983",0,0,0,0,0,1,0,0
2019/3/30,"2,376,726",0,0,0,0,0,1,0,0
2019/3/31,"2,814,381",0,0,0,0,0,1,0,0
2019/4/1,"5,893,314",0,0,0,0,1,1,0,0
2019/4/2,"5,257,583",0,0,0,0,1,1,0,0
2019/4/3,"4,142,774",0,0,0,0,1,1,0,0
2019/4/4,"3,401,283",0,0,0,0,1,1,0,0
2019/4/5,"3,508,449",0,0,0,0,1,1,0,0
2019/4/6,"3,082,494",0,0,0,0,1,1,0,0
2019/4/7,"3,575,355",0,0,0,0,0,1,0,0
2019/4/8,"2,929,936",0,0,0,0,0,1,0,0
2019/4/9,"2,827,757",0,0,0,0,0,1,0,0
2019/4/10,"2,944,179",0,0,0,0,0,1,0,0
2019/4/11,"2,944,847",0,0,0,0,0,1,0,0
2019/4/12,"2,648,548",0,0,0,0,0,1,0,0
2019/4/13,"2,453,347",0,0,0,0,0,1,0,0
2019/4/14,"3,066,934",0,0,0,0,0,1,0,0
2019/4/15,"2,649,493",0,0,0,0,0,1,0,0
2019/4/16,"3,047,032",0,0,0,0,0,1,0,0
2019/4/17,"4,833,052",0,0,0,0,1,1,0,0
2019/4/18,"3,914,916",0,0,0,0,1,1,0,0
2019/4/19,"3,436,282",0,0,0,0,1,1,0,0
2019/4/20,"2,988,738",0,0,0,0,1,1,0,0
2019/4/21,"2,959,787",0,0,0,0,1,1,0,0
2019/4/22,"2,449,375",0,0,0,0,0,1,0,0
2019/4/23,"3,053,080",0,0,0,0,0,1,0,0
2019/4/24,"1,430,309",0,0,0,0,0,1,0,0
2019/4/25,"1,535,808",0,0,0,0,0,1,0,0
2019/4/26,"1,403,091",0,0,0,0,0,1,0,0
2019/4/27,"1,449,348",0,0,0,0,0,1,0,0
2019/4/28,"1,117,274",0,0,0,0,0,1,0,0
2019/4/29,"1,088,326",0,0,0,0,0,1,0,0
2019/4/30,"2,205,077",0,0,0,0,0,1,0,0
2019/5/1,"1,190,746",0,0,0,0,0,0,0,0
2019/5/2,"8,881,468",1,0,0,0,0,0,0,1
2019/5/3,"6,972,649",1,0,0,0,0,0,0,1
2019/5/4,"5,495,931",1,0,0,0,0,0,0,1
2019/5/5,"3,372,494",1,0,0,0,0,0,0,0
2019/5/6,"3,533,785",1,0,0,0,0,0,0,0
2019/5/7,"2,733,834",1,0,0,0,0,0,0,0
2019/5/8,"2,727,010",1,0,0,0,0,0,0,0
2019/5/9,"2,831,718",1,0,0,0,0,0,0,0
2019/5/10,"2,623,847",1,0,0,0,0,0,0,0
2019/5/11,"2,538,597",1,0,0,0,0,0,0,0
2019/5/12,"2,047,068",1,0,0,0,0,0,0,0
2019/5/13,"4,986,983",1,1,0,0,0,0,0,1
2019/5/14,"3,764,402",1,1,0,0,0,0,0,0
2019/5/15,"4,199,793",1,1,0,0,0,0,0,0
2019/5/16,"4,187,661",1,1,0,0,0,0,0,0
2019/5/17,"2,983,791",1,1,0,0,0,0,0,0
2019/5/18,"3,947,675",1,1,0,0,0,0,0,0
2019/5/19,"2,897,142",1,1,0,0,0,0,0,0
2019/5/20,"3,439,860",1,1,1,0,0,0,0,0
2019/5/21,"3,652,352",1,1,1,0,0,0,0,0
2019/5/22,"3,543,819",1,1,1,0,0,0,0,0
2019/5/23,"3,290,752",1,1,1,0,0,0,0,0
2019/5/24,"2,738,725",1,1,1,0,0,0,0,0
2019/5/25,"3,442,712",1,1,1,0,0,0,0,0
2019/5/26,"2,951,091",1,1,1,0,0,0,0,0
2019/5/27,"2,824,374",1,1,1,0,0,0,0,0
2019/5/28,"2,710,751",1,1,1,0,0,0,0,0
2019/5/29,"2,653,096",1,1,1,0,0,0,0,0
2019/5/30,"2,840,493",1,1,1,0,0,0,0,0
2019/5/31,"2,295,086",1,1,1,0,0,0,0,0
2019/6/1,"3,068,253",1,1,1,0,0,0,0,0
2019/6/2,"2,564,553",1,1,1,0,0,0,0,0
2019/6/3,"2,504,588",1,1,1,0,0,0,0,0
2019/6/4,"2,828,200",1,1,1,0,0,0,0,0
2019/6/5,"2,868,139",1,1,1,0,0,0,0,0
2019/6/6,"2,818,576",1,1,1,0,0,0,0,0
2019/6/7,"2,836,986",1,1,1,0,0,0,0,0
2019/6/8,"2,531,345",1,1,1,0,0,0,0,0
2019/6/9,"3,117,153",1,1,1,0,0,0,0,0
2019/6/10,"17,940,681",1,1,1,1,0,0,0,1
2019/6/11,"9,269,109",1,1,1,1,0,0,0,0
2019/6/12,"7,529,172",1,1,1,1,0,0,0,0
2019/6/13,"5,420,126",1,1,1,1,0,0,0,0
2019/6/14,"6,803,045",1,1,1,1,0,0,0,0
2019/6/15,"4,347,990",1,1,1,1,0,0,0,0
2019/6/16,"1,822,609",1,1,1,0,0,0,0,0
2019/6/17,"1,519,005",1,1,1,0,0,0,0,0
2019/6/18,"1,772,374",1,1,1,0,0,0,0,0
2019/6/19,"2,379,598",1,1,1,0,0,0,0,0
2019/6/20,"2,006,004",1,1,1,0,0,0,0,0
2019/6/21,"3,110,007",1,1,1,1,0,0,0,0
2019/6/22,"4,761,958",1,1,1,1,0,0,0,0
2019/6/23,"3,752,621",1,1,1,1,0,0,0,0
2019/6/24,"3,509,482",1,1,1,1,0,0,0,0
2019/6/25,"3,127,297",1,1,1,1,0,0,0,0
2019/6/26,"2,579,329",1,1,1,1,0,0,0,0
2019/6/27,"2,751,866",1,1,1,1,0,0,0,0
2019/6/28,"2,690,654",1,1,1,0,0,0,0,0
2019/6/29,"2,991,233",1,1,1,0,0,0,0,0
2019/6/30,"2,957,339",1,1,1,0,0,0,0,0
2019/7/1,"3,033,058",1,1,1,1,0,0,0,0
2019/7/2,"3,605,210",1,1,1,1,0,0,0,0
2019/7/3,"2,770,825",1,1,1,1,0,0,0,0
2019/7/4,"4,212,749",1,1,1,1,0,0,0,0
2019/7/5,"4,467,685",1,1,1,1,0,0,0,0
2019/7/6,"3,366,309",1,1,1,1,0,0,0,0
2019/7/7,"2,880,232",1,1,1,1,0,0,0,0
2019/7/8,"4,755,550",1,1,1,1,0,0,0,0
2019/7/9,"4,088,262",1,1,1,1,0,0,0,0
2019/7/10,"3,801,342",1,1,1,1,0,0,0,0
2019/7/11,"3,381,240",1,1,1,1,0,0,0,0
2019/7/12,"4,055,299",1,1,1,1,0,0,0,0
2019/7/13,"2,803,145",1,1,1,1,0,0,0,0
2019/7/14,"3,022,865",1,1,1,1,0,0,0,0
2019/7/15,"2,543,336",1,1,1,1,0,0,0,0
2019/7/16,"4,200,415",1,1,1,1,0,0,0,0
2019/7/17,"5,385,217",1,1,1,1,0,0,0,0
2019/7/18,"3,200,068",1,1,1,1,0,0,0,0
2019/7/19,"3,283,832",1,1,1,1,0,0,0,0
2019/7/20,"2,730,970",1,1,1,1,0,0,0,0
2019/7/21,"2,773,613",1,1,1,1,0,0,0,0
2019/7/22,"3,972,166",1,1,1,1,0,0,0,0
2019/7/23,"4,440,729",1,1,1,1,0,0,0,0
2019/7/24,"3,340,592",1,1,1,1,0,0,0,0
2019/7/25,"3,463,877",1,1,1,1,0,0,0,0
2019/7/26,"4,308,549",1,1,1,1,0,0,0,0
2019/7/27,"3,063,458",1,1,1,1,0,0,0,0
2019/7/28,"2,726,039",1,1,1,1,0,0,0,0
2019/7/29,"2,392,022",1,1,1,1,0,0,0,0
2019/7/30,"1,953,958",1,1,1,0,0,0,0,0
2019/7/31,"3,660,863",1,1,1,0,0,0,0,0
2019/8/1,"2,084,910",0,0,0,0,0,0,0,0
2019/8/2,"2,334,404",0,0,0,0,0,0,0,0
2019/8/3,"2,138,237",0,0,0,0,0,0,0,0
2019/8/4,"2,221,305",0,0,0,0,0,0,0,0
2019/8/5,"4,030,349",0,0,0,0,0,0,1,0
2019/8/6,"4,067,587",0,0,0,0,0,0,1,0
2019/8/7,"3,980,450",0,0,0,0,0,0,1,0
2019/8/8,"3,433,387",0,0,0,0,0,0,1,0
2019/8/9,"3,346,218",0,0,0,0,0,0,1,0
2019/8/10,"3,961,822",0,0,0,0,0,0,1,0
2019/8/11,"4,281,236",0,0,0,0,0,0,1,0
2019/8/12,"3,934,301",0,0,0,0,0,0,1,0
2019/8/13,"4,255,411",0,0,0,0,0,0,1,0
2019/8/14,"4,165,963",0,0,0,0,0,0,1,0
2019/8/15,"4,503,808",0,0,0,0,0,0,1,0
2019/8/16,"5,636,127",0,0,0,0,0,0,1,0
2019/8/17,"2,548,943",0,0,0,0,0,0,0,0
2019/8/18,"2,523,763",0,0,0,0,0,0,0,0
2019/8/19,"2,426,801",0,0,0,0,0,0,0,0
2019/8/20,"3,215,896",0,0,0,0,0,0,0,0
2019/8/21,"2,759,734",0,0,0,0,0,0,0,0
2019/8/22,"2,669,538",0,0,0,0,0,0,0,0
2019/8/23,"2,991,640",0,0,0,0,0,0,0,0
2019/8/24,"2,804,476",0,0,0,0,0,0,0,0
2019/8/25,"2,585,753",0,0,0,0,0,0,0,0
2019/8/26,"2,745,826",0,0,0,0,0,0,0,0
2019/8/27,"10,742,990",0,0,0,1,0,0,0,0
2019/8/28,"8,399,027",0,0,0,1,0,0,0,0
2019/8/29,"5,650,764",0,0,0,1,0,0,0,0
2019/8/30,"5,269,518",0,0,0,1,0,0,0,0
2019/8/31,"4,821,375",0,0,0,1,0,0,0,0
2019/9/1,"4,508,176",0,0,0,1,0,0,0,0
2019/9/2,"4,529,679",0,0,0,1,0,0,0,0
2019/9/3,"4,505,922",0,0,0,1,0,0,0,0
2019/9/4,"7,993,289",0,0,0,1,0,0,0,0
2019/9/5,"4,418,836",0,0,0,1,0,0,0,0
2019/9/6,"4,316,041",0,0,0,1,0,0,0,0
2019/9/7,"4,136,181",0,0,0,1,0,0,0,0
2019/9/8,"3,455,831",0,0,0,1,0,0,0,0
2019/9/9,"4,600,777",0,0,0,1,0,0,0,0
2019/9/10,"4,384,442",0,0,0,1,0,0,0,0
2019/9/11,"8,213,103",0,0,0,1,0,0,1,0
2019/9/12,"7,224,736",0,0,0,1,0,0,1,0
2019/9/13,"6,109,199",0,0,0,1,0,0,1,0
2019/9/14,"4,400,301",0,0,0,1,0,0,1,0
2019/9/15,"5,163,812",0,0,0,1,0,0,1,0
2019/9/16,"5,615,822",0,0,0,1,0,0,1,0
2019/9/17,"4,673,619",0,0,0,1,0,0,1,0
2019/9/18,"5,313,255",0,0,0,1,0,0,1,0
2019/9/19,"5,181,586",0,0,0,1,0,0,1,0
2019/9/20,"6,151,884",0,0,0,1,0,0,1,0
2019/9/21,"3,711,110",0,0,0,1,0,0,0,0
2019/9/22,"3,869,571",0,0,0,1,0,0,0,0
2019/9/23,"4,134,224",0,0,0,1,0,0,0,0
2019/9/24,"4,361,729",0,0,0,1,0,0,0,0
2019/9/25,"4,090,718",0,0,0,1,0,0,0,0
2019/9/26,"3,811,858",0,0,0,1,0,0,0,0
2019/9/27,"4,002,145",0,0,0,1,0,0,0,0
2019/9/28,"3,444,924",0,0,0,1,0,0,0,0
2019/9/29,"3,884,258",0,0,0,1,0,0,0,0
2019/9/30,"4,849,908",0,0,0,1,0,0,0,0
2019/10/1,,0,0,0,1,0,0,0,0
2019/10/2,,0,0,0,1,0,0,0,0
2019/10/3,,0,0,0,1,0,0,0,0
2019/10/4,,0,0,0,1,0,0,0,0
2019/10/5,,0,0,0,1,0,0,0,0
2019/10/6,,0,0,0,1,0,0,0,0
2019/10/7,,0,0,0,1,0,0,0,0
2019/10/8,,0,0,0,1,0,0,0,0
2019/10/9,,0,0,0,1,0,0,0,0
2019/10/10,,0,0,0,1,0,0,0,0
2019/10/11,,0,0,0,1,0,0,0,0
2019/10/12,,0,0,0,1,0,0,0,0
2019/10/13,,0,0,0,1,0,0,0,0
2019/10/14,,0,0,0,1,0,0,0,0
2019/10/15,,0,0,0,1,0,0,0,0
2019/10/16,,0,0,0,1,0,0,0,0
2019/10/17,,0,0,0,1,0,0,0,0
2019/10/18,,0,0,0,1,0,0,0,0
2019/10/19,,0,0,0,1,0,0,0,0
2019/10/20,,0,0,0,1,0,0,0,0
2019/10/21,,0,0,0,1,0,0,0,0
2019/10/22,,0,0,0,1,0,0,0,0
2019/10/23,,0,0,0,1,0,0,0,0
2019/10/24,,0,0,0,1,0,0,0,0
2019/10/25,,0,0,0,1,0,0,0,0
2019/10/26,,0,0,0,1,0,0,0,0
2019/10/27,,0,0,0,1,0,0,0,0
2019/10/28,,0,0,0,1,0,0,0,0
2019/10/29,,0,0,0,1,0,0,0,0
2019/10/30,,0,0,0,1,0,0,0,0
2019/10/31,,0,0,0,1,0,0,0,0
2019/11/1,,0,0,0,0,0,0,0,0
2019/11/2,,0,0,0,0,0,0,0,0
2019/11/3,,0,0,0,0,0,0,0,0
2019/11/4,,0,0,0,0,0,0,0,0
2019/11/5,,0,0,0,0,0,0,0,0
2019/11/6,,0,0,0,0,0,0,0,0
2019/11/7,,0,0,0,0,0,0,0,0
2019/11/8,,1,0,0,0,0,0,0,1
2019/11/9,,1,0,0,0,0,0,0,0
2019/11/10,,1,0,0,0,0,0,0,0
2019/11/11,,1,0,0,0,0,0,0,0
2019/11/12,,1,0,0,0,0,0,0,0
2019/11/13,,1,0,0,0,0,0,0,0
2019/11/14,,1,0,0,0,0,0,0,0
2019/11/15,,1,1,0,0,0,0,0,1
2019/11/16,,1,1,0,0,0,0,0,0
2019/11/17,,1,1,0,0,0,0,0,0
2019/11/18,,1,1,0,0,0,0,0,0
2019/11/19,,1,1,0,0,0,0,0,0
2019/11/20,,1,1,0,0,0,0,0,0
2019/11/21,,1,1,0,0,0,0,0,0
2019/11/22,,1,1,1,0,0,0,0,1
2019/11/23,,1,1,1,0,0,0,0,0
2019/11/24,,1,1,1,0,0,0,0,0
2019/11/25,,1,1,1,0,0,0,0,0
2019/11/26,,1,1,1,0,0,0,0,0
2019/11/27,,1,1,1,0,0,0,0,0
2019/11/28,,1,1,1,0,0,0,0,0
2019/11/29,,1,1,1,0,0,0,0,0
2019/11/30,,1,1,1,0,0,0,0,0
2019/12/1,,1,1,1,0,0,0,0,0
2019/12/2,,1,1,1,0,0,0,0,0
2019/12/3,,1,1,1,0,0,0,0,0
2019/12/4,,1,1,1,0,0,0,0,0
2019/12/5,,1,1,1,0,0,0,0,0
2019/12/6,,1,1,1,0,0,0,0,0
2019/12/7,,1,1,1,0,0,0,0,0
2019/12/8,,1,1,1,0,0,0,0,0
2019/12/9,,1,1,1,0,0,0,0,0
2019/12/10,,1,1,1,0,0,0,0,0
2019/12/11,,1,1,1,0,0,0,0,0
2019/12/12,,1,1,1,0,0,0,0,0
2019/12/13,,1,1,1,0,0,0,0,0
2019/12/14,,1,1,1,0,0,0,0,0
2019/12/15,,1,1,1,0,0,0,0,0
2019/12/16,,1,1,1,0,0,0,0,0
2019/12/17,,1,1,1,0,0,0,0,0
2019/12/18,,1,1,1,0,0,0,0,0
2019/12/19,,1,1,1,0,0,0,0,0
2019/12/20,,1,1,1,0,0,0,0,0
2019/12/21,,1,1,1,0,0,0,0,0
2019/12/22,,1,1,1,0,0,0,0,0
2019/12/23,,1,1,1,0,0,0,0,0
2019/12/24,,1,1,1,0,0,0,0,0
2019/12/25,,1,1,1,0,0,0,0,0
2019/12/26,,1,1,1,0,0,0,0,0
2019/12/27,,1,1,1,0,0,0,0,0
2019/12/28,,1,1,1,0,0,0,0,0
2019/12/29,,1,1,1,0,0,0,0,0
2019/12/30,,1,1,1,0,0,0,0,0
2019/12/31,,1,1,1,0,0,0,0,0
2020/1/1,,1,1,1,0,0,0,0,0
2020/1/2,,1,1,1,0,0,0,0,0
2020/1/3,,1,1,1,0,0,0,0,0
2020/1/4,,1,1,1,0,0,0,0,0
2020/1/5,,1,1,1,0,0,0,0,0
2020/1/6,,1,1,1,0,0,0,0,0
2020/1/7,,1,1,1,0,0,0,0,0
2020/1/8,,1,1,1,0,0,0,0,0
2020/1/9,,1,1,1,0,0,1,0,1
2020/1/10,,1,1,1,0,0,1,0,0
2020/1/11,,1,1,1,0,0,1,0,0
2020/1/12,,1,1,1,0,0,1,0,0
2020/1/13,,1,1,1,0,0,1,0,0
2020/1/14,,1,1,1,0,0,1,0,0
2020/1/15,,1,1,1,0,0,0,0,0
2020/1/16,,1,1,1,0,0,0,0,0
2020/1/17,,1,1,1,0,0,0,0,0
2020/1/18,,1,1,1,0,0,0,0,0
2020/1/19,,1,1,1,0,0,0,0,0
2020/1/20,,1,1,1,0,0,0,0,0
2020/1/21,,1,1,1,0,0,0,0,0
2020/1/22,,1,1,1,0,0,0,0,0
2020/1/23,,1,1,1,0,0,0,0,0
2020/1/24,,1,1,1,0,0,0,0,0
2020/1/25,,1,1,1,0,0,0,0,0
2020/1/26,,1,1,1,0,0,0,0,0
2020/1/27,,1,1,1,0,0,0,0,0
2020/1/28,,1,1,1,0,0,0,0,0
2020/1/29,,1,1,1,0,0,0,0,0
2020/1/30,,1,1,1,0,0,0,0,0
2020/1/31,,1,1,1,0,0,0,0,0
2020/2/1,,0,0,0,0,0,0,0,0
2020/2/2,,0,0,0,0,0,0,0,0
2020/2/3,,0,0,0,0,0,0,0,0
2020/2/4,,0,0,0,0,0,0,0,0
2020/2/5,,0,0,0,0,0,0,0,0
2020/2/6,,0,0,0,0,0,0,0,0
2020/2/7,,0,0,0,0,0,0,0,0
2020/2/8,,0,0,0,0,0,0,0,0
2020/2/9,,0,0,0,0,0,0,0,0
2020/2/10,,0,0,0,0,0,0,0,0
2020/2/11,,0,0,0,0,0,0,0,0
2020/2/12,,0,0,0,0,0,0,0,0
2020/2/13,,0,0,0,0,0,0,0,0
2020/2/14,,0,0,0,0,0,0,0,0
2020/2/15,,0,0,0,0,0,0,0,0
2020/2/16,,0,0,0,0,0,0,0,0
2020/2/17,,0,0,0,0,0,0,0,0
2020/2/18,,0,0,0,0,0,0,0,0
2020/2/19,,0,0,0,0,0,0,0,0
2020/2/20,,0,0,0,0,0,0,0,0
2020/2/21,,0,0,0,0,0,0,0,0
2020/2/22,,0,0,0,0,0,0,0,0
2020/2/23,,0,0,0,0,0,0,0,0
2020/2/24,,0,0,0,0,0,0,0,0
2020/2/25,,0,0,0,0,0,0,0,0
2020/2/26,,0,0,0,0,0,0,0,0
2020/2/27,,0,0,0,0,0,0,0,0
2020/2/28,,0,0,0,0,0,0,0,0
2020/2/29,,0,0,0,0,0,0,0,0
2020/3/1,,0,0,0,0,0,0,0,0
2020/3/2,,0,0,0,0,0,0,0,0
2020/3/3,,0,0,0,0,0,0,0,0
2020/3/4,,0,0,0,0,0,0,0,0
2020/3/5,,0,0,0,0,0,0,0,0
2020/3/6,,0,0,0,0,0,0,0,0
2020/3/7,,0,0,0,0,0,0,0,0
2020/3/8,,0,0,0,0,0,0,0,0
2020/3/9,,0,0,0,0,0,0,0,0
2020/3/10,,0,0,0,0,0,0,0,0
2020/3/11,,0,0,0,0,0,0,0,0
2020/3/12,,0,0,0,0,0,0,0,0
2020/3/13,,0,0,0,0,0,0,0,0
2020/3/14,,0,0,0,0,0,0,0,0
2020/3/15,,0,0,0,0,0,0,0,0
2020/3/16,,0,0,0,0,0,0,0,0
2020/3/17,,0,0,0,0,0,0,0,0
2020/3/18,,0,0,0,0,0,0,0,0
2020/3/19,,0,0,0,0,0,0,0,0
2020/3/20,,0,0,0,0,0,0,0,0
2020/3/21,,0,0,0,0,0,0,0,0
2020/3/22,,0,0,0,0,0,0,0,0
2020/3/23,,0,0,0,0,0,0,0,0
2020/3/24,,0,0,0,0,0,0,0,0
2020/3/25,,0,0,0,0,0,0,0,0
2020/3/26,,0,0,0,0,0,0,0,0
2020/3/27,,0,0,0,0,0,0,0,0
2020/3/28,,0,0,0,0,0,0,0,0
2020/3/29,,0,0,0,0,0,0,0,0
2020/3/30,,0,0,0,0,0,0,0,0
2020/3/31,,0,0,0,0,0,0,0,0
2020/4/1,,0,0,0,0,0,0,0,0
2020/4/2,,0,0,0,0,0,0,0,0
2020/4/3,,0,0,0,0,0,0,0,0
2020/4/4,,0,0,0,0,0,0,0,0
2020/4/5,,0,0,0,0,0,0,0,0
2020/4/6,,0,0,0,0,0,0,0,0
2020/4/7,,0,0,0,0,0,0,0,0
2020/4/8,,0,0,0,0,0,0,0,0
2020/4/9,,0,0,0,0,0,0,0,0
2020/4/10,,0,0,0,0,0,0,0,0
2020/4/11,,0,0,0,0,0,0,0,0
2020/4/12,,0,0,0,0,0,0,0,0
2020/4/13,,0,0,0,0,0,0,0,0
2020/4/14,,0,0,0,0,0,0,0,0
2020/4/15,,0,0,0,0,0,0,0,0
2020/4/16,,0,0,0,0,0,0,0,0
2020/4/17,,0,0,0,0,0,0,0,0
2020/4/18,,0,0,0,0,0,0,0,0
2020/4/19,,0,0,0,0,0,0,0,0
2020/4/20,,0,0,0,0,0,0,0,0
2020/4/21,,0,0,0,0,0,0,0,0
2020/4/22,,0,0,0,0,0,0,0,0
2020/4/23,,0,0,0,0,0,0,0,0
2020/4/24,,0,0,0,0,0,0,0,0
2020/4/25,,0,0,0,0,0,0,0,0
2020/4/26,,0,0,0,0,0,0,0,0
2020/4/27,,0,0,0,0,0,0,0,0
2020/4/28,,0,0,0,0,0,0,0,0
2020/4/29,,0,0,0,0,0,0,0,0
2020/4/30,,0,0,0,0,0,0,0,0
2020/5/1,,0,0,0,0,0,0,0,0
2020/5/2,,0,0,0,0,0,0,0,0
2020/5/3,,0,0,0,0,0,0,0,0
2020/5/4,,0,0,0,0,0,0,0,0
2020/5/5,,0,0,0,0,0,0,0,0
2020/5/6,,0,0,0,0,0,0,0,0
2020/5/7,,0,0,0,0,0,0,0,0
2020/5/8,,0,0,0,0,0,0,0,0
2020/5/9,,1,0,0,0,0,0,0,1
2020/5/10,,1,0,0,0,0,0,0,0
2020/5/11,,1,0,0,0,0,0,0,0
2020/5/12,,1,0,0,0,0,0,0,0
2020/5/13,,1,0,0,0,0,0,0,0
2020/5/14,,1,0,0,0,0,0,0,0
2020/5/15,,1,0,0,0,0,0,0,0
2020/5/16,,1,1,0,0,0,0,0,1
2020/5/17,,1,1,0,0,0,0,0,0
2020/5/18,,1,1,0,0,0,0,0,0
2020/5/19,,1,1,0,0,0,0,0,0
2020/5/20,,1,1,0,0,0,0,0,0
2020/5/21,,1,1,0,0,0,0,0,0
2020/5/22,,1,1,0,0,0,0,0,0
2020/5/23,,1,1,1,0,0,0,0,0
2020/5/24,,1,1,1,0,0,0,0,0
2020/5/25,,1,1,1,0,0,0,0,0
2020/5/26,,1,1,1,0,0,0,0,0
2020/5/27,,1,1,1,0,0,0,0,0
2020/5/28,,1,1,1,0,0,0,0,0
2020/5/29,,1,1,1,0,0,0,0,0
2020/5/30,,1,1,1,0,0,0,0,0
2020/5/31,,1,1,1,0,0,0,0,0
2020/6/1,,1,1,1,0,0,0,0,0
2020/6/2,,1,1,1,0,0,0,0,0
2020/6/3,,1,1,1,0,0,0,0,0
2020/6/4,,1,1,1,0,0,0,0,0
2020/6/5,,1,1,1,0,0,0,0,0
2020/6/6,,1,1,1,0,0,0,0,0
2020/6/7,,1,1,1,0,0,0,0,0
2020/6/8,,1,1,1,0,0,0,0,0
2020/6/9,,1,1,1,0,0,0,0,0
2020/6/10,,1,1,1,0,0,0,0,0
2020/6/11,,1,1,1,0,0,0,0,0
2020/6/12,,1,1,1,0,0,0,0,0
2020/6/13,,1,1,1,0,0,0,0,0
2020/6/14,,1,1,1,0,0,0,0,0
2020/6/15,,1,1,1,0,0,0,0,0
2020/6/16,,1,1,1,0,0,0,0,0
2020/6/17,,1,1,1,0,0,0,0,0
2020/6/18,,1,1,1,0,0,0,0,0
2020/6/19,,1,1,1,0,0,0,0,0
2020/6/20,,1,1,1,0,0,0,0,0
2020/6/21,,1,1,1,0,0,0,0,0
2020/6/22,,1,1,1,0,0,0,0,0
2020/6/23,,1,1,1,0,0,0,0,0
2020/6/24,,1,1,1,0,0,0,0,0
2020/6/25,,1,1,1,0,0,0,0,0
2020/6/26,,1,1,1,0,0,0,0,0
2020/6/27,,1,1,1,0,0,0,0,0
2020/6/28,,1,1,1,0,0,0,0,0
2020/6/29,,1,1,1,0,0,0,0,0
2020/6/30,,1,1,1,0,0,0,0,0
2020/7/1,,1,1,1,0,0,0,0,0
2020/7/2,,1,1,1,0,0,0,0,0
2020/7/3,,1,1,1,0,0,0,0,0
2020/7/4,,1,1,1,0,0,0,0,0
2020/7/5,,1,1,1,0,0,0,0,0
2020/7/6,,1,1,1,0,0,0,0,0
2020/7/7,,1,1,1,0,0,0,0,0
2020/7/8,,1,1,1,0,0,0,0,0
2020/7/9,,1,1,1,0,0,0,0,0
2020/7/10,,1,1,1,1,0,0,0,1
2020/7/11,,1,1,1,1,0,0,0,0
2020/7/12,,1,1,1,1,0,0,0,0
2020/7/13,,1,1,1,1,0,0,0,0
2020/7/14,,1,1,1,1,0,0,0,0
2020/7/15,,1,1,1,1,0,0,0,0
2020/7/16,,1,1,1,0,0,0,0,0
2020/7/17,,1,1,1,0,0,0,0,0
2020/7/18,,1,1,1,0,0,0,0,0
2020/7/19,,1,1,1,0,0,0,0,0
2020/7/20,,1,1,1,0,0,0,0,0
2020/7/21,,1,1,1,0,0,0,0,0
2020/7/22,,1,1,1,0,0,0,0,0
2020/7/23,,1,1,1,0,0,0,0,0
2020/7/24,,1,1,1,0,0,0,0,0
2020/7/25,,1,1,1,0,0,0,0,0
2020/7/26,,1,1,1,0,0,0,0,0
2020/7/27,,1,1,1,0,0,0,0,0
2020/7/28,,1,1,1,0,0,0,0,0
2020/7/29,,1,1,1,0,0,0,0,0
2020/7/30,,1,1,1,0,0,0,0,0
2020/7/31,,1,1,1,0,0,0,0,0
2020/8/1,,0,0,0,0,0,0,0,0
2020/8/2,,0,0,0,0,0,0,0,0
2020/8/3,,0,0,0,0,0,0,0,0
2020/8/4,,0,0,0,0,0,0,0,0
2020/8/5,,0,0,0,0,0,0,0,0
2020/8/6,,0,0,0,0,0,0,0,0
2020/8/7,,0,0,0,0,0,0,0,0
2020/8/8,,0,0,0,0,0,0,0,0
2020/8/9,,0,0,0,0,0,0,0,0
2020/8/10,,0,0,0,0,0,0,0,0
2020/8/11,,0,0,0,0,0,0,0,0
2020/8/12,,0,0,0,0,0,0,0,0
2020/8/13,,0,0,0,0,0,0,0,0
2020/8/14,,0,0,0,0,0,0,0,0
2020/8/15,,0,0,0,0,0,0,0,0
2020/8/16,,0,0,0,0,0,0,0,0
2020/8/17,,0,0,0,0,0,0,0,0
2020/8/18,,0,0,0,0,0,0,0,0
2020/8/19,,0,0,0,0,0,0,0,0
2020/8/20,,0,0,0,0,0,0,0,0
2020/8/21,,0,0,0,0,0,0,0,0
2020/8/22,,0,0,0,0,0,0,0,0
2020/8/23,,0,0,0,0,0,0,0,0
2020/8/24,,0,0,0,0,0,0,0,0
2020/8/25,,0,0,0,0,0,0,0,0
2020/8/26,,0,0,0,0,0,0,0,0
2020/8/27,,0,0,0,0,0,0,0,0
2020/8/28,,0,0,0,0,0,0,0,0
2020/8/29,,0,0,0,0,0,0,0,0
2020/8/30,,0,0,0,0,0,0,0,0
2020/8/31,,0,0,0,0,0,0,0,0
2020/9/1,,0,0,0,0,0,0,0,0
2020/9/2,,0,0,0,0,0,0,0,0
2020/9/3,,0,0,0,0,0,0,0,0
2020/9/4,,0,0,0,0,0,0,0,0
2020/9/5,,0,0,0,0,0,0,0,0
2020/9/6,,0,0,0,0,0,0,0,0
2020/9/7,,0,0,0,0,0,0,0,0
2020/9/8,,0,0,0,0,0,0,0,0
2020/9/9,,0,0,0,0,0,0,0,0
2020/9/10,,0,0,0,0,0,0,0,0
2020/9/11,,0,0,0,0,0,0,0,0
2020/9/12,,0,0,0,0,0,0,0,0
2020/9/13,,0,0,0,0,0,0,0,0
2020/9/14,,0,0,0,0,0,0,0,0
2020/9/15,,0,0,0,0,0,0,0,0
2020/9/16,,0,0,0,0,0,0,0,0
2020/9/17,,0,0,0,0,0,0,0,0
2020/9/18,,0,0,0,0,0,0,0,0
2020/9/19,,0,0,0,0,0,0,0,0
2020/9/20,,0,0,0,0,0,0,0,0
2020/9/21,,0,0,0,0,0,0,0,0
2020/9/22,,0,0,0,0,0,0,0,0
2020/9/23,,0,0,0,0,0,0,0,0
2020/9/24,,0,0,0,0,0,0,0,0
2020/9/25,,0,0,0,0,0,0,0,0
2020/9/26,,0,0,0,0,0,0,0,0
2020/9/27,,0,0,0,0,0,0,0,0
2020/9/28,,0,0,0,0,0,0,0,0
2020/9/29,,0,0,0,0,0,0,0,0
2020/9/30,,0,0,0,0,0,0,0,0
2020/10/1,,0,0,0,0,0,0,0,0
2020/10/2,,0,0,0,0,0,0,0,0
2020/10/3,,0,0,0,0,0,0,0,0
2020/10/4,,0,0,0,0,0,0,0,0
2020/10/5,,0,0,0,0,0,0,0,0
2020/10/6,,0,0,0,0,0,0,0,0
2020/10/7,,0,0,0,0,0,0,0,0
2020/10/8,,0,0,0,0,0,0,0,0
2020/10/9,,0,0,0,0,0,0,0,0
2020/10/10,,0,0,0,0,0,0,0,0
2020/10/11,,0,0,0,0,0,0,0,0
2020/10/12,,0,0,0,0,0,0,0,0
2020/10/13,,0,0,0,0,0,0,0,0
2020/10/14,,0,0,0,0,0,0,0,0
2020/10/15,,0,0,0,0,0,0,0,0
2020/10/16,,0,0,0,0,0,0,0,0
2020/10/17,,0,0,0,0,0,0,0,0
2020/10/18,,0,0,0,0,0,0,0,0
2020/10/19,,0,0,0,0,0,0,0,0
2020/10/20,,0,0,0,0,0,0,0,0
2020/10/21,,0,0,0,0,0,0,0,0
2020/10/22,,0,0,0,0,0,0,0,0
2020/10/23,,0,0,0,0,0,0,0,0
2020/10/24,,0,0,0,0,0,0,0,0
2020/10/25,,0,0,0,0,0,0,0,0
2020/10/26,,0,0,0,0,0,0,0,0
2020/10/27,,0,0,0,0,0,0,0,0
2020/10/28,,0,0,0,0,0,0,0,0
2020/10/29,,0,0,0,0,0,0,0,0
2020/10/30,,0,0,0,0,0,0,0,0
2020/10/31,,0,0,0,0,0,0,0,0
2020/11/1,,0,0,0,0,0,0,0,0
2020/11/2,,0,0,0,0,0,0,0,0
2020/11/3,,0,0,0,0,0,0,0,0
2020/11/4,,0,0,0,0,0,0,0,0
2020/11/5,,0,0,0,0,0,0,0,0
2020/11/6,,0,0,0,0,0,0,0,0
2020/11/7,,0,0,0,0,0,0,0,0
2020/11/8,,0,0,0,0,0,0,0,0
2020/11/9,,0,0,0,0,0,0,0,0
2020/11/10,,0,0,0,0,0,0,0,0
2020/11/11,,0,0,0,0,0,0,0,0
2020/11/12,,0,0,0,0,0,0,0,0
2020/11/13,,1,0,0,0,0,0,0,1
2020/11/14,,1,0,0,0,0,0,0,0
2020/11/15,,1,0,0,0,0,0,0,0
2020/11/16,,1,0,0,0,0,0,0,0
2020/11/17,,1,0,0,0,0,0,0,0
2020/11/18,,1,0,0,0,0,0,0,0
2020/11/19,,1,0,0,0,0,0,0,0
2020/11/20,,1,1,0,0,0,0,0,0
2020/11/21,,1,1,0,0,0,0,0,0
2020/11/22,,1,1,0,0,0,0,0,0
2020/11/23,,1,1,0,0,0,1,0,0
2020/11/24,,1,1,0,0,0,1,0,1
2020/11/25,,1,1,0,0,0,1,0,0
2020/11/26,,1,1,0,0,0,0,0,0
2020/11/27,,1,1,1,0,0,0,0,0
2020/11/28,,1,1,1,0,0,0,0,0
2020/11/29,,1,1,1,0,0,0,0,0
2020/11/30,,1,1,1,0,0,0,0,0
2020/12/1,,1,1,1,0,0,0,0,0
2020/12/2,,1,1,1,0,0,0,0,0
2020/12/3,,1,1,1,0,0,0,0,0
2020/12/4,,1,1,1,0,0,0,0,0
2020/12/5,,1,1,1,0,0,0,0,0
2020/12/6,,1,1,1,0,0,0,0,0
2020/12/7,,1,1,1,0,0,0,0,0
2020/12/8,,1,1,1,0,0,0,0,0
2020/12/9,,1,1,1,0,0,0,0,0
2020/12/10,,1,1,1,0,0,0,0,0
2020/12/11,,1,1,1,0,0,0,0,0
2020/12/12,,1,1,1,0,0,0,0,0
2020/12/13,,1,1,1,0,0,0,0,0
2020/12/14,,1,1,1,0,0,0,0,0
2020/12/15,,1,1,1,0,0,0,0,0
2020/12/16,,1,1,1,0,0,0,0,0
2020/12/17,,1,1,1,0,0,0,0,0
2020/12/18,,1,1,1,0,0,0,0,0
2020/12/19,,1,1,1,0,0,0,0,0
2020/12/20,,1,1,1,0,0,0,0,0
2020/12/21,,1,1,1,0,0,0,0,0
2020/12/22,,1,1,1,0,0,0,0,0
2020/12/23,,1,1,1,0,0,0,0,0
2020/12/24,,1,1,1,0,0,0,0,0
2020/12/25,,1,1,1,0,0,0,0,0
2020/12/26,,1,1,1,0,0,0,0,0
2020/12/27,,1,1,1,0,0,0,0,0
2020/12/28,,1,1,1,0,0,0,0,0
2020/12/29,,1,1,1,0,0,0,0,0
2020/12/30,,1,1,1,0,0,0,0,0
2020/12/31,,1,1,1,0,0,0,0,0
